timestamp,temperature_c,humidity_pct,wind_speed_ms,cloud_cover_pct
2025-01-01T00:00:00,8.5,60.0,0.4,73.0
2025-01-01T01:00:00,4.4,47.0,5.3,98.0
2025-01-01T02:00:00,5.0,76.0,5.9,67.0
2025-01-01T03:00:00,8.5,67.0,3.7,83.0
2025-01-01T04:00:00,10.2,55.0,3.3,74.0
2025-01-01T05:00:00,4.7,72.0,1.3,13.0
2025-01-01T06:00:00,10.0,65.0,5.6,41.0
2025-01-01T07:00:00,14.0,75.0,5.9,85.0
2025-01-01T08:00:00,15.0,71.0,0.9,76.0
2025-01-01T09:00:00,15.5,72.0,5.7,84.0
2025-01-01T10:00:00,16.7,78.0,2.8,23.0
2025-01-01T11:00:00,15.6,75.0,2.9,88.0
2025-01-01T12:00:00,14.7,53.0,0.0,15.0
2025-01-01T13:00:00,14.0,56.0,3.3,17.0
2025-01-01T14:00:00,16.5,66.0,3.4,66.0
2025-01-01T15:00:00,12.4,54.0,5.1,31.0
2025-01-01T16:00:00,12.7,59.0,5.0,76.0
2025-01-01T17:00:00,11.6,63.0,4.2,61.0
2025-01-01T18:00:00,10.8,80.0,5.6,28.0
2025-01-01T19:00:00,9.4,55.0,6.1,88.0
2025-01-01T20:00:00,7.7,42.0,4.3,63.0
2025-01-01T21:00:00,7.1,56.0,3.0,5.0
2025-01-01T22:00:00,6.2,71.0,6.5,67.0
2025-01-01T23:00:00,8.7,41.0,2.8,34.0
2025-01-02T00:00:00,6.4,75.0,5.5,61.0
2025-01-02T01:00:00,5.3,60.0,5.3,20.0
2025-01-02T02:00:00,7.1,58.0,6.1,9.0
2025-01-02T03:00:00,4.3,74.0,3.2,90.0
2025-01-02T04:00:00,8.1,64.0,6.1,89.0
2025-01-02T05:00:00,7.4,59.0,3.7,55.0
2025-01-02T06:00:00,7.6,71.0,4.4,73.0
2025-01-02T07:00:00,11.9,72.0,1.0,1.0
2025-01-02T08:00:00,12.1,74.0,0.5,80.0
2025-01-02T09:00:00,13.3,52.0,1.6,40.0
2025-01-02T10:00:00,14.2,46.0,10.3,12.0
2025-01-02T11:00:00,14.6,46.0,3.2,57.0
2025-01-02T12:00:00,12.8,80.0,2.8,34.0
2025-01-02T13:00:00,16.6,77.0,4.7,41.0
2025-01-02T14:00:00,17.7,54.0,5.5,42.0
2025-01-02T15:00:00,10.0,71.0,5.7,25.0
2025-01-02T16:00:00,11.6,49.0,4.8,75.0
2025-01-02T17:00:00,12.9,71.0,2.7,26.0
2025-01-02T18:00:00,11.3,55.0,4.9,16.0
2025-01-02T19:00:00,10.1,58.0,8.6,70.0
2025-01-02T20:00:00,6.2,49.0,7.5,84.0
2025-01-02T21:00:00,6.7,68.0,1.5,64.0
2025-01-02T22:00:00,8.8,75.0,6.3,37.0
2025-01-02T23:00:00,8.1,64.0,5.9,90.0
2025-01-03T00:00:00,3.2,74.0,7.7,49.0
2025-01-03T01:00:00,10.1,53.0,5.8,72.0
2025-01-03T02:00:00,4.2,49.0,6.5,39.0
2025-01-03T03:00:00,3.1,75.0,3.6,41.0
2025-01-03T04:00:00,5.5,53.0,6.8,33.0
2025-01-03T05:00:00,9.0,48.0,4.1,64.0
2025-01-03T06:00:00,10.7,62.0,0.6,45.0
2025-01-03T07:00:00,13.4,44.0,4.0,83.0
2025-01-03T08:00:00,8.5,47.0,3.1,81.0
2025-01-03T09:00:00,16.7,53.0,5.3,39.0
2025-01-03T10:00:00,16.1,68.0,5.7,59.0
2025-01-03T11:00:00,15.7,70.0,4.2,66.0
2025-01-03T12:00:00,16.4,69.0,4.1,4.0
2025-01-03T13:00:00,16.8,42.0,4.2,87.0
2025-01-03T14:00:00,13.4,55.0,4.2,3.0
2025-01-03T15:00:00,11.8,45.0,6.0,5.0
2025-01-03T16:00:00,12.9,46.0,5.4,68.0
2025-01-03T17:00:00,13.9,70.0,3.5,9.0
2025-01-03T18:00:00,10.5,49.0,9.2,83.0
2025-01-03T19:00:00,12.5,47.0,0.7,21.0
2025-01-03T20:00:00,7.5,73.0,4.7,83.0
2025-01-03T21:00:00,7.7,55.0,3.9,61.0
2025-01-03T22:00:00,0.6,69.0,5.5,46.0
2025-01-03T23:00:00,7.3,74.0,5.2,25.0
2025-01-04T00:00:00,4.2,72.0,4.1,13.0
2025-01-04T01:00:00,4.7,47.0,6.0,80.0
2025-01-04T02:00:00,4.8,63.0,1.5,36.0
2025-01-04T03:00:00,5.8,46.0,1.6,72.0
2025-01-04T04:00:00,7.4,62.0,1.4,95.0
2025-01-04T05:00:00,9.7,44.0,3.1,99.0
2025-01-04T06:00:00,10.5,61.0,1.1,63.0
2025-01-04T07:00:00,14.7,54.0,3.5,18.0
2025-01-04T08:00:00,12.4,57.0,3.8,66.0
2025-01-04T09:00:00,12.3,60.0,5.4,23.0
2025-01-04T10:00:00,14.6,67.0,4.9,53.0
2025-01-04T11:00:00,13.1,66.0,2.7,92.0
2025-01-04T12:00:00,15.7,61.0,1.2,64.0
2025-01-04T13:00:00,11.7,68.0,5.2,27.0
2025-01-04T14:00:00,11.7,43.0,6.0,13.0
2025-01-04T15:00:00,11.1,42.0,2.1,60.0
2025-01-04T16:00:00,11.4,75.0,0.9,36.0
2025-01-04T17:00:00,15.1,52.0,5.7,58.0
2025-01-04T18:00:00,9.9,55.0,2.7,36.0
2025-01-04T19:00:00,10.0,75.0,2.9,89.0
2025-01-04T20:00:00,4.5,44.0,2.7,67.0
2025-01-04T21:00:00,4.0,55.0,2.2,55.0
2025-01-04T22:00:00,5.1,49.0,3.8,29.0
2025-01-04T23:00:00,7.1,42.0,6.0,59.0
2025-01-05T00:00:00,5.2,78.0,4.8,38.0
2025-01-05T01:00:00,4.5,77.0,0.0,38.0
2025-01-05T02:00:00,5.7,49.0,4.7,10.0
2025-01-05T03:00:00,6.8,70.0,7.9,78.0
2025-01-05T04:00:00,7.9,45.0,1.3,9.0
2025-01-05T05:00:00,11.2,74.0,5.8,92.0
2025-01-05T06:00:00,10.7,42.0,3.9,87.0
2025-01-05T07:00:00,12.4,49.0,3.5,74.0
2025-01-05T08:00:00,8.7,42.0,1.6,71.0
2025-01-05T09:00:00,13.2,46.0,1.4,60.0
2025-01-05T10:00:00,15.3,78.0,1.2,92.0
2025-01-05T11:00:00,13.2,49.0,2.1,84.0
2025-01-05T12:00:00,15.8,61.0,6.3,72.0
2025-01-05T13:00:00,12.6,60.0,6.5,78.0
2025-01-05T14:00:00,17.0,57.0,4.7,29.0
2025-01-05T15:00:00,12.5,41.0,3.3,5.0
2025-01-05T16:00:00,10.6,55.0,2.1,59.0
2025-01-05T17:00:00,9.8,70.0,5.2,14.0
2025-01-05T18:00:00,9.2,78.0,4.9,83.0
2025-01-05T19:00:00,6.6,40.0,0.3,25.0
2025-01-05T20:00:00,6.7,46.0,0.4,48.0
2025-01-05T21:00:00,4.2,49.0,6.9,55.0
2025-01-05T22:00:00,5.6,61.0,3.7,34.0
2025-01-05T23:00:00,7.1,77.0,3.2,83.0
2025-01-06T00:00:00,4.4,68.0,2.9,97.0
2025-01-06T01:00:00,5.9,70.0,3.5,98.0
2025-01-06T02:00:00,5.3,59.0,2.4,67.0
2025-01-06T03:00:00,7.9,74.0,4.5,6.0
2025-01-06T04:00:00,2.4,80.0,3.3,43.0
2025-01-06T05:00:00,6.4,65.0,6.0,21.0
2025-01-06T06:00:00,12.0,41.0,4.6,50.0
2025-01-06T07:00:00,11.0,75.0,1.3,56.0
2025-01-06T08:00:00,10.8,78.0,4.0,35.0
2025-01-06T09:00:00,12.5,57.0,1.0,46.0
2025-01-06T10:00:00,15.9,42.0,4.8,49.0
2025-01-06T11:00:00,14.5,73.0,3.9,10.0
2025-01-06T12:00:00,14.0,54.0,3.0,66.0
2025-01-06T13:00:00,16.8,40.0,0.8,37.0
2025-01-06T14:00:00,17.5,46.0,0.0,75.0
2025-01-06T15:00:00,13.2,53.0,3.7,55.0
2025-01-06T16:00:00,12.4,57.0,4.4,6.0
2025-01-06T17:00:00,10.0,70.0,5.1,91.0
2025-01-06T18:00:00,11.3,64.0,6.5,45.0
2025-01-06T19:00:00,9.5,59.0,3.0,63.0
2025-01-06T20:00:00,5.1,72.0,3.0,34.0
2025-01-06T21:00:00,6.2,74.0,4.2,52.0
2025-01-06T22:00:00,5.0,51.0,3.6,14.0
2025-01-06T23:00:00,6.2,48.0,5.5,3.0
2025-01-07T00:00:00,8.4,79.0,3.8,84.0
2025-01-07T01:00:00,4.6,46.0,4.8,25.0
2025-01-07T02:00:00,6.3,76.0,3.2,31.0
2025-01-07T03:00:00,7.1,51.0,8.0,77.0
2025-01-07T04:00:00,6.7,68.0,1.3,34.0
2025-01-07T05:00:00,8.2,57.0,1.2,41.0
2025-01-07T06:00:00,8.4,75.0,4.0,29.0
2025-01-07T07:00:00,9.4,78.0,6.5,37.0
2025-01-07T08:00:00,11.5,42.0,6.0,73.0
2025-01-07T09:00:00,10.9,69.0,1.5,32.0
2025-01-07T10:00:00,13.9,73.0,2.1,13.0
2025-01-07T11:00:00,12.7,42.0,4.3,38.0
2025-01-07T12:00:00,12.5,58.0,5.8,49.0
2025-01-07T13:00:00,15.5,40.0,4.8,41.0
2025-01-07T14:00:00,16.2,42.0,4.8,63.0
2025-01-07T15:00:00,12.6,48.0,5.4,47.0
2025-01-07T16:00:00,11.8,62.0,3.9,35.0
2025-01-07T17:00:00,11.3,54.0,1.3,4.0
2025-01-07T18:00:00,11.9,65.0,5.8,84.0
2025-01-07T19:00:00,7.4,58.0,2.2,6.0
2025-01-07T20:00:00,7.4,53.0,6.1,48.0
2025-01-07T21:00:00,4.1,58.0,2.0,48.0
2025-01-07T22:00:00,8.8,71.0,0.0,6.0
2025-01-07T23:00:00,4.0,50.0,5.3,60.0
2025-01-08T00:00:00,7.4,63.0,6.1,1.0
2025-01-08T01:00:00,3.3,43.0,4.5,70.0
2025-01-08T02:00:00,7.0,40.0,4.7,38.0
2025-01-08T03:00:00,12.9,54.0,2.2,73.0
2025-01-08T04:00:00,8.6,72.0,0.0,17.0
2025-01-08T05:00:00,9.2,71.0,0.0,43.0
2025-01-08T06:00:00,12.1,59.0,5.9,55.0
2025-01-08T07:00:00,10.5,63.0,4.1,7.0
2025-01-08T08:00:00,15.1,62.0,4.2,37.0
2025-01-08T09:00:00,13.5,79.0,0.0,18.0
2025-01-08T10:00:00,13.1,44.0,0.5,27.0
2025-01-08T11:00:00,11.8,67.0,4.5,35.0
2025-01-08T12:00:00,15.3,63.0,3.5,82.0
2025-01-08T13:00:00,15.5,73.0,3.9,2.0
2025-01-08T14:00:00,13.7,59.0,4.8,51.0
2025-01-08T15:00:00,17.3,51.0,2.0,53.0
2025-01-08T16:00:00,15.5,57.0,1.2,85.0
2025-01-08T17:00:00,11.0,58.0,1.5,84.0
2025-01-08T18:00:00,11.4,64.0,0.0,11.0
2025-01-08T19:00:00,5.6,48.0,4.7,25.0
2025-01-08T20:00:00,8.5,68.0,4.3,31.0
2025-01-08T21:00:00,7.5,75.0,0.0,20.0
2025-01-08T22:00:00,5.4,77.0,0.0,54.0
2025-01-08T23:00:00,5.0,53.0,4.1,61.0
2025-01-09T00:00:00,6.5,64.0,4.7,29.0
2025-01-09T01:00:00,8.8,71.0,4.7,94.0
2025-01-09T02:00:00,6.8,48.0,1.9,32.0
2025-01-09T03:00:00,7.3,77.0,3.0,3.0
2025-01-09T04:00:00,6.3,59.0,5.4,75.0
2025-01-09T05:00:00,5.6,76.0,4.1,59.0
2025-01-09T06:00:00,9.4,79.0,5.8,85.0
2025-01-09T07:00:00,12.7,70.0,3.4,73.0
2025-01-09T08:00:00,10.3,42.0,5.9,29.0
2025-01-09T09:00:00,13.3,65.0,6.5,80.0
2025-01-09T10:00:00,14.9,59.0,3.8,57.0
2025-01-09T11:00:00,13.9,69.0,4.6,30.0
2025-01-09T12:00:00,12.1,46.0,2.6,36.0
2025-01-09T13:00:00,16.9,52.0,1.4,21.0
2025-01-09T14:00:00,16.0,49.0,6.9,61.0
2025-01-09T15:00:00,12.3,48.0,7.1,51.0
2025-01-09T16:00:00,16.9,43.0,2.9,82.0
2025-01-09T17:00:00,11.2,68.0,2.6,34.0
2025-01-09T18:00:00,10.4,57.0,4.6,18.0
2025-01-09T19:00:00,7.5,40.0,2.3,2.0
2025-01-09T20:00:00,8.4,71.0,3.3,77.0
2025-01-09T21:00:00,5.6,79.0,4.9,23.0
2025-01-09T22:00:00,4.7,61.0,2.4,12.0
2025-01-09T23:00:00,3.7,63.0,6.8,73.0
2025-01-10T00:00:00,5.5,61.0,4.0,54.0
2025-01-10T01:00:00,4.8,47.0,3.6,59.0
2025-01-10T02:00:00,2.1,45.0,1.3,38.0
2025-01-10T03:00:00,9.4,56.0,1.1,42.0
2025-01-10T04:00:00,6.2,52.0,3.2,4.0
2025-01-10T05:00:00,7.5,46.0,1.9,66.0
2025-01-10T06:00:00,11.6,66.0,1.0,45.0
2025-01-10T07:00:00,15.7,50.0,1.3,2.0
2025-01-10T08:00:00,14.9,59.0,7.2,88.0
2025-01-10T09:00:00,9.7,69.0,4.2,96.0
2025-01-10T10:00:00,15.2,45.0,4.5,12.0
2025-01-10T11:00:00,15.8,56.0,2.4,48.0
2025-01-10T12:00:00,16.8,74.0,2.2,16.0
2025-01-10T13:00:00,13.7,51.0,1.9,53.0
2025-01-10T14:00:00,15.9,48.0,5.3,18.0
2025-01-10T15:00:00,11.6,44.0,3.2,24.0
2025-01-10T16:00:00,15.4,69.0,0.5,22.0
2025-01-10T17:00:00,15.4,52.0,2.3,68.0
2025-01-10T18:00:00,9.2,51.0,4.0,14.0
2025-01-10T19:00:00,6.0,51.0,5.3,21.0
2025-01-10T20:00:00,5.9,68.0,2.5,96.0
2025-01-10T21:00:00,11.5,73.0,3.5,48.0
2025-01-10T22:00:00,6.1,76.0,3.8,22.0
2025-01-10T23:00:00,7.1,66.0,6.7,83.0
2025-01-11T00:00:00,5.4,74.0,8.1,26.0
2025-01-11T01:00:00,7.5,75.0,6.1,100.0
2025-01-11T02:00:00,4.1,64.0,9.6,66.0
2025-01-11T03:00:00,4.5,59.0,6.0,37.0
2025-01-11T04:00:00,7.7,75.0,3.1,92.0
2025-01-11T05:00:00,11.9,68.0,4.2,23.0
2025-01-11T06:00:00,10.8,61.0,0.5,82.0
2025-01-11T07:00:00,13.3,70.0,4.8,100.0
2025-01-11T08:00:00,11.8,78.0,4.8,34.0
2025-01-11T09:00:00,14.7,49.0,4.3,86.0
2025-01-11T10:00:00,13.2,56.0,5.5,76.0
2025-01-11T11:00:00,15.5,44.0,1.2,19.0
2025-01-11T12:00:00,18.6,51.0,6.3,12.0
2025-01-11T13:00:00,17.2,48.0,4.4,69.0
2025-01-11T14:00:00,15.5,43.0,3.7,4.0
2025-01-11T15:00:00,14.1,77.0,3.2,82.0
2025-01-11T16:00:00,12.1,49.0,4.2,94.0
2025-01-11T17:00:00,10.1,66.0,8.5,18.0
2025-01-11T18:00:00,10.6,59.0,5.5,46.0
2025-01-11T19:00:00,7.6,45.0,5.8,19.0
2025-01-11T20:00:00,7.5,67.0,2.3,93.0
2025-01-11T21:00:00,7.5,75.0,7.0,89.0
2025-01-11T22:00:00,5.2,52.0,4.2,34.0
2025-01-11T23:00:00,5.2,70.0,4.2,81.0
2025-01-12T00:00:00,5.5,50.0,7.4,9.0
2025-01-12T01:00:00,5.7,62.0,1.6,94.0
2025-01-12T02:00:00,5.9,74.0,5.1,81.0
2025-01-12T03:00:00,5.7,56.0,7.1,26.0
2025-01-12T04:00:00,6.4,63.0,2.6,41.0
2025-01-12T05:00:00,10.0,40.0,2.7,34.0
2025-01-12T06:00:00,11.4,76.0,3.7,5.0
2025-01-12T07:00:00,10.7,77.0,2.1,84.0
2025-01-12T08:00:00,12.5,69.0,2.7,28.0
2025-01-12T09:00:00,11.9,51.0,6.8,39.0
2025-01-12T10:00:00,15.4,62.0,3.1,24.0
2025-01-12T11:00:00,12.2,69.0,0.0,61.0
2025-01-12T12:00:00,14.2,70.0,6.4,79.0
2025-01-12T13:00:00,14.5,75.0,2.8,70.0
2025-01-12T14:00:00,11.8,44.0,3.4,23.0
2025-01-12T15:00:00,12.2,47.0,1.3,15.0
2025-01-12T16:00:00,11.6,62.0,5.3,20.0
2025-01-12T17:00:00,7.7,43.0,3.9,98.0
2025-01-12T18:00:00,5.5,48.0,2.2,50.0
2025-01-12T19:00:00,5.9,59.0,6.0,24.0
2025-01-12T20:00:00,10.5,42.0,4.3,52.0
2025-01-12T21:00:00,5.0,78.0,3.7,26.0
2025-01-12T22:00:00,1.7,51.0,6.0,53.0
2025-01-12T23:00:00,7.2,65.0,5.4,53.0
2025-01-13T00:00:00,5.2,79.0,7.1,53.0
2025-01-13T01:00:00,4.1,60.0,0.2,28.0
2025-01-13T02:00:00,5.2,76.0,1.6,26.0
2025-01-13T03:00:00,9.0,43.0,2.6,83.0
2025-01-13T04:00:00,8.3,48.0,7.5,9.0
2025-01-13T05:00:00,10.2,77.0,2.5,74.0
2025-01-13T06:00:00,11.3,73.0,4.1,66.0
2025-01-13T07:00:00,9.2,56.0,1.4,94.0
2025-01-13T08:00:00,14.2,57.0,6.2,34.0
2025-01-13T09:00:00,13.3,48.0,2.0,39.0
2025-01-13T10:00:00,13.5,42.0,2.1,1.0
2025-01-13T11:00:00,15.5,64.0,5.8,51.0
2025-01-13T12:00:00,16.9,77.0,5.8,24.0
2025-01-13T13:00:00,14.7,57.0,3.4,82.0
2025-01-13T14:00:00,14.4,76.0,3.7,15.0
2025-01-13T15:00:00,14.6,56.0,5.8,85.0
2025-01-13T16:00:00,12.9,56.0,4.7,58.0
2025-01-13T17:00:00,11.3,47.0,2.7,29.0
2025-01-13T18:00:00,11.1,51.0,0.0,48.0
2025-01-13T19:00:00,7.3,75.0,3.6,28.0
2025-01-13T20:00:00,10.0,48.0,7.9,3.0
2025-01-13T21:00:00,6.4,57.0,6.3,76.0
2025-01-13T22:00:00,8.1,70.0,0.0,55.0
2025-01-13T23:00:00,5.4,71.0,3.6,46.0
2025-01-14T00:00:00,1.8,66.0,3.2,88.0
2025-01-14T01:00:00,7.5,73.0,5.4,23.0
2025-01-14T02:00:00,3.0,62.0,0.0,5.0
2025-01-14T03:00:00,4.8,72.0,4.3,96.0
2025-01-14T04:00:00,7.6,73.0,0.3,31.0
2025-01-14T05:00:00,9.7,68.0,2.6,57.0
2025-01-14T06:00:00,9.2,49.0,5.5,84.0
2025-01-14T07:00:00,9.0,56.0,7.3,85.0
2025-01-14T08:00:00,14.9,55.0,5.1,59.0
2025-01-14T09:00:00,12.7,60.0,7.1,58.0
2025-01-14T10:00:00,13.5,75.0,5.4,75.0
2025-01-14T11:00:00,10.5,56.0,3.5,53.0
2025-01-14T12:00:00,11.8,48.0,0.5,71.0
2025-01-14T13:00:00,12.4,64.0,4.1,20.0
2025-01-14T14:00:00,19.2,58.0,3.3,32.0
2025-01-14T15:00:00,14.5,51.0,4.8,81.0
2025-01-14T16:00:00,11.9,49.0,0.0,63.0
2025-01-14T17:00:00,11.7,80.0,2.3,75.0
2025-01-14T18:00:00,9.8,46.0,5.9,29.0
2025-01-14T19:00:00,8.7,66.0,2.7,42.0
2025-01-14T20:00:00,3.8,43.0,5.3,43.0
2025-01-14T21:00:00,7.2,54.0,4.1,68.0
2025-01-14T22:00:00,4.6,77.0,6.0,34.0
2025-01-14T23:00:00,7.6,51.0,5.1,12.0
2025-01-15T00:00:00,7.4,43.0,4.3,11.0
2025-01-15T01:00:00,4.8,58.0,4.8,18.0
2025-01-15T02:00:00,5.5,48.0,3.8,13.0
2025-01-15T03:00:00,6.2,62.0,6.9,37.0
2025-01-15T04:00:00,7.3,43.0,3.9,19.0
2025-01-15T05:00:00,7.9,54.0,5.0,57.0
2025-01-15T06:00:00,14.2,48.0,4.3,52.0
2025-01-15T07:00:00,10.2,79.0,6.7,58.0
2025-01-15T08:00:00,11.6,74.0,7.9,45.0
2025-01-15T09:00:00,13.2,75.0,4.7,64.0
2025-01-15T10:00:00,15.8,53.0,3.1,71.0
2025-01-15T11:00:00,12.5,46.0,3.4,63.0
2025-01-15T12:00:00,14.8,79.0,1.2,33.0
2025-01-15T13:00:00,14.3,51.0,5.9,34.0
2025-01-15T14:00:00,15.1,60.0,2.4,61.0
2025-01-15T15:00:00,15.6,47.0,1.4,65.0
2025-01-15T16:00:00,12.1,64.0,2.5,86.0
2025-01-15T17:00:00,11.5,75.0,6.7,51.0
2025-01-15T18:00:00,13.6,75.0,4.3,60.0
2025-01-15T19:00:00,11.6,72.0,4.3,28.0
2025-01-15T20:00:00,8.6,74.0,5.7,14.0
2025-01-15T21:00:00,7.9,76.0,4.4,65.0
2025-01-15T22:00:00,2.8,46.0,6.7,69.0
2025-01-15T23:00:00,5.5,42.0,6.6,14.0
2025-01-16T00:00:00,5.6,63.0,2.5,47.0
2025-01-16T01:00:00,1.7,72.0,4.7,33.0
2025-01-16T02:00:00,3.2,43.0,7.2,26.0
2025-01-16T03:00:00,5.8,75.0,2.8,31.0
2025-01-16T04:00:00,4.1,80.0,2.5,100.0
2025-01-16T05:00:00,11.7,49.0,3.8,37.0
2025-01-16T06:00:00,7.7,49.0,6.0,92.0
2025-01-16T07:00:00,9.6,58.0,5.6,11.0
2025-01-16T08:00:00,12.4,53.0,2.5,51.0
2025-01-16T09:00:00,13.4,64.0,4.9,10.0
2025-01-16T10:00:00,14.6,61.0,4.4,18.0
2025-01-16T11:00:00,11.4,80.0,2.7,49.0
2025-01-16T12:00:00,12.6,50.0,3.4,71.0
2025-01-16T13:00:00,10.5,52.0,5.1,20.0
2025-01-16T14:00:00,14.6,57.0,4.2,87.0
2025-01-16T15:00:00,13.7,48.0,0.6,77.0
2025-01-16T16:00:00,19.0,74.0,3.6,74.0
2025-01-16T17:00:00,11.1,58.0,4.9,62.0
2025-01-16T18:00:00,5.5,54.0,1.4,83.0
2025-01-16T19:00:00,13.4,48.0,5.5,25.0
2025-01-16T20:00:00,6.6,42.0,0.0,89.0
2025-01-16T21:00:00,7.0,53.0,5.4,39.0
2025-01-16T22:00:00,3.8,64.0,6.0,91.0
2025-01-16T23:00:00,8.5,77.0,0.6,34.0
2025-01-17T00:00:00,6.6,77.0,5.6,86.0
2025-01-17T01:00:00,6.6,50.0,6.6,67.0
2025-01-17T02:00:00,4.8,68.0,0.6,67.0
2025-01-17T03:00:00,4.0,59.0,3.2,27.0
2025-01-17T04:00:00,5.8,68.0,1.7,50.0
2025-01-17T05:00:00,10.3,68.0,3.5,49.0
2025-01-17T06:00:00,12.5,47.0,3.4,66.0
2025-01-17T07:00:00,11.3,53.0,5.5,79.0
2025-01-17T08:00:00,14.5,68.0,4.3,47.0
2025-01-17T09:00:00,12.8,71.0,1.8,23.0
2025-01-17T10:00:00,12.4,59.0,5.7,9.0
2025-01-17T11:00:00,19.2,63.0,2.2,41.0
2025-01-17T12:00:00,12.2,71.0,2.4,78.0
2025-01-17T13:00:00,10.1,65.0,3.3,56.0
2025-01-17T14:00:00,11.9,72.0,6.1,32.0
2025-01-17T15:00:00,11.5,74.0,3.5,64.0
2025-01-17T16:00:00,13.6,68.0,3.1,44.0
2025-01-17T17:00:00,11.8,70.0,3.0,6.0
2025-01-17T18:00:00,11.1,77.0,5.2,12.0
2025-01-17T19:00:00,6.0,56.0,5.0,27.0
2025-01-17T20:00:00,5.5,52.0,3.7,7.0
2025-01-17T21:00:00,2.7,64.0,3.8,46.0
2025-01-17T22:00:00,4.9,70.0,3.5,63.0
2025-01-17T23:00:00,2.8,74.0,5.1,88.0
2025-01-18T00:00:00,6.9,41.0,4.4,95.0
2025-01-18T01:00:00,5.5,54.0,3.0,4.0
2025-01-18T02:00:00,4.8,70.0,5.8,25.0
2025-01-18T03:00:00,9.1,63.0,4.7,31.0
2025-01-18T04:00:00,6.2,74.0,2.9,61.0
2025-01-18T05:00:00,5.4,57.0,4.1,62.0
2025-01-18T06:00:00,9.6,50.0,2.8,65.0
2025-01-18T07:00:00,8.2,42.0,5.7,18.0
2025-01-18T08:00:00,13.0,47.0,1.6,48.0
2025-01-18T09:00:00,15.4,50.0,4.6,19.0
2025-01-18T10:00:00,13.4,66.0,1.8,67.0
2025-01-18T11:00:00,14.0,58.0,3.4,14.0
2025-01-18T12:00:00,16.0,53.0,6.4,41.0
2025-01-18T13:00:00,12.8,76.0,5.1,48.0
2025-01-18T14:00:00,14.4,58.0,7.2,47.0
2025-01-18T15:00:00,16.2,74.0,2.4,85.0
2025-01-18T16:00:00,13.2,48.0,3.1,1.0
2025-01-18T17:00:00,9.4,72.0,1.9,74.0
2025-01-18T18:00:00,9.5,50.0,2.8,60.0
2025-01-18T19:00:00,12.6,76.0,4.9,42.0
2025-01-18T20:00:00,8.8,62.0,4.5,31.0
2025-01-18T21:00:00,9.4,69.0,2.9,75.0
2025-01-18T22:00:00,6.3,71.0,4.3,86.0
2025-01-18T23:00:00,9.0,79.0,5.9,87.0
2025-01-19T00:00:00,6.4,54.0,6.1,55.0
2025-01-19T01:00:00,4.9,44.0,2.8,73.0
2025-01-19T02:00:00,6.9,63.0,3.2,59.0
2025-01-19T03:00:00,3.6,50.0,4.6,95.0
2025-01-19T04:00:00,6.6,49.0,4.5,63.0
2025-01-19T05:00:00,6.8,48.0,2.3,19.0
2025-01-19T06:00:00,11.6,54.0,4.4,12.0
2025-01-19T07:00:00,6.6,76.0,8.0,51.0
2025-01-19T08:00:00,14.1,59.0,3.9,39.0
2025-01-19T09:00:00,14.2,79.0,4.1,78.0
2025-01-19T10:00:00,16.4,57.0,4.0,64.0
2025-01-19T11:00:00,15.9,51.0,1.9,77.0
2025-01-19T12:00:00,11.5,70.0,1.0,43.0
2025-01-19T13:00:00,16.3,45.0,4.9,48.0
2025-01-19T14:00:00,12.5,48.0,2.9,22.0
2025-01-19T15:00:00,11.6,71.0,4.0,33.0
2025-01-19T16:00:00,14.7,50.0,5.2,58.0
2025-01-19T17:00:00,15.9,42.0,3.4,14.0
2025-01-19T18:00:00,11.6,53.0,5.7,20.0
2025-01-19T19:00:00,9.5,55.0,0.9,50.0
2025-01-19T20:00:00,7.5,80.0,6.8,67.0
2025-01-19T21:00:00,6.5,73.0,1.1,22.0
2025-01-19T22:00:00,6.0,47.0,4.9,87.0
2025-01-19T23:00:00,4.8,69.0,2.5,94.0
2025-01-20T00:00:00,7.1,48.0,3.1,4.0
2025-01-20T01:00:00,5.3,46.0,3.7,5.0
2025-01-20T02:00:00,10.2,46.0,2.5,36.0
2025-01-20T03:00:00,9.1,74.0,6.8,44.0
2025-01-20T04:00:00,8.2,62.0,5.4,12.0
2025-01-20T05:00:00,12.5,70.0,7.0,72.0
2025-01-20T06:00:00,14.9,71.0,5.6,35.0
2025-01-20T07:00:00,11.1,80.0,5.0,32.0
2025-01-20T08:00:00,12.7,75.0,2.6,62.0
2025-01-20T09:00:00,15.0,50.0,5.0,47.0
2025-01-20T10:00:00,14.2,45.0,5.1,91.0
2025-01-20T11:00:00,10.5,44.0,3.9,46.0
2025-01-20T12:00:00,16.5,60.0,5.9,72.0
2025-01-20T13:00:00,17.4,43.0,2.4,20.0
2025-01-20T14:00:00,13.6,48.0,5.4,9.0
2025-01-20T15:00:00,12.2,60.0,3.7,92.0
2025-01-20T16:00:00,10.7,43.0,2.8,11.0
2025-01-20T17:00:00,10.7,56.0,5.2,49.0
2025-01-20T18:00:00,11.6,79.0,5.3,21.0
2025-01-20T19:00:00,6.6,58.0,1.7,81.0
2025-01-20T20:00:00,9.0,48.0,2.6,71.0
2025-01-20T21:00:00,7.3,60.0,4.7,33.0
2025-01-20T22:00:00,4.2,46.0,6.2,83.0
2025-01-20T23:00:00,8.2,77.0,0.2,14.0
2025-01-21T00:00:00,8.9,74.0,7.8,34.0
2025-01-21T01:00:00,6.1,47.0,0.0,47.0
2025-01-21T02:00:00,3.0,73.0,3.4,43.0
2025-01-21T03:00:00,5.0,44.0,3.2,96.0
2025-01-21T04:00:00,10.2,73.0,3.6,30.0
2025-01-21T05:00:00,9.8,51.0,4.2,66.0
2025-01-21T06:00:00,8.8,60.0,8.0,46.0
2025-01-21T07:00:00,8.9,72.0,4.1,66.0
2025-01-21T08:00:00,11.7,60.0,2.2,21.0
2025-01-21T09:00:00,17.8,42.0,2.8,76.0
2025-01-21T10:00:00,14.2,71.0,4.3,42.0
2025-01-21T11:00:00,17.2,52.0,5.6,79.0
2025-01-21T12:00:00,12.7,46.0,2.6,81.0
2025-01-21T13:00:00,16.0,66.0,4.2,34.0
2025-01-21T14:00:00,13.3,52.0,5.6,3.0
2025-01-21T15:00:00,11.8,52.0,2.2,37.0
2025-01-21T16:00:00,9.7,65.0,4.8,13.0
2025-01-21T17:00:00,11.5,68.0,5.8,30.0
2025-01-21T18:00:00,8.2,79.0,0.0,34.0
2025-01-21T19:00:00,9.1,62.0,2.2,77.0
2025-01-21T20:00:00,7.3,69.0,4.4,43.0
2025-01-21T21:00:00,5.4,60.0,4.9,8.0
2025-01-21T22:00:00,3.2,78.0,4.5,55.0
2025-01-21T23:00:00,6.1,60.0,4.1,68.0
2025-01-22T00:00:00,5.1,44.0,3.8,78.0
2025-01-22T01:00:00,4.4,75.0,5.5,48.0
2025-01-22T02:00:00,1.9,59.0,7.0,91.0
2025-01-22T03:00:00,6.3,61.0,5.3,12.0
2025-01-22T04:00:00,7.8,48.0,0.0,58.0
2025-01-22T05:00:00,10.9,58.0,6.7,77.0
2025-01-22T06:00:00,9.3,51.0,0.0,60.0
2025-01-22T07:00:00,8.4,52.0,3.4,28.0
2025-01-22T08:00:00,12.6,66.0,5.8,93.0
2025-01-22T09:00:00,15.8,47.0,4.3,27.0
2025-01-22T10:00:00,15.4,46.0,1.8,79.0
2025-01-22T11:00:00,13.2,51.0,2.3,75.0
2025-01-22T12:00:00,14.4,67.0,3.1,62.0
2025-01-22T13:00:00,16.6,45.0,3.2,64.0
2025-01-22T14:00:00,14.8,55.0,0.5,98.0
2025-01-22T15:00:00,14.4,50.0,4.0,77.0
2025-01-22T16:00:00,14.0,68.0,4.9,68.0
2025-01-22T17:00:00,9.4,67.0,5.0,32.0
2025-01-22T18:00:00,8.3,77.0,3.2,62.0
2025-01-22T19:00:00,9.4,80.0,5.5,53.0
2025-01-22T20:00:00,4.0,45.0,6.1,24.0
2025-01-22T21:00:00,10.3,77.0,0.0,9.0
2025-01-22T22:00:00,5.9,45.0,0.0,69.0
2025-01-22T23:00:00,-0.7,66.0,6.2,29.0
2025-01-23T00:00:00,3.1,61.0,3.1,37.0
2025-01-23T01:00:00,4.0,41.0,3.3,19.0
2025-01-23T02:00:00,5.5,50.0,0.7,82.0
2025-01-23T03:00:00,11.1,48.0,3.0,42.0
2025-01-23T04:00:00,4.3,53.0,5.8,81.0
2025-01-23T05:00:00,8.9,76.0,6.5,74.0
2025-01-23T06:00:00,10.2,68.0,2.7,54.0
2025-01-23T07:00:00,10.3,43.0,5.7,63.0
2025-01-23T08:00:00,14.3,40.0,5.6,67.0
2025-01-23T09:00:00,14.7,60.0,7.5,72.0
2025-01-23T10:00:00,14.1,59.0,1.1,78.0
2025-01-23T11:00:00,13.6,67.0,2.1,41.0
2025-01-23T12:00:00,16.8,43.0,1.0,79.0
2025-01-23T13:00:00,11.9,56.0,4.2,13.0
2025-01-23T14:00:00,17.4,56.0,6.1,34.0
2025-01-23T15:00:00,14.0,67.0,6.3,13.0
2025-01-23T16:00:00,11.6,55.0,7.5,93.0
2025-01-23T17:00:00,8.3,60.0,1.9,40.0
2025-01-23T18:00:00,11.3,71.0,5.4,37.0
2025-01-23T19:00:00,11.9,45.0,2.7,85.0
2025-01-23T20:00:00,9.9,72.0,4.3,37.0
2025-01-23T21:00:00,4.1,76.0,1.0,92.0
2025-01-23T22:00:00,4.9,40.0,3.5,44.0
2025-01-23T23:00:00,1.9,50.0,5.0,36.0
2025-01-24T00:00:00,6.3,66.0,3.1,83.0
2025-01-24T01:00:00,4.8,59.0,6.2,98.0
2025-01-24T02:00:00,6.7,63.0,5.1,46.0
2025-01-24T03:00:00,6.6,61.0,4.2,27.0
2025-01-24T04:00:00,7.8,52.0,1.7,26.0
2025-01-24T05:00:00,8.1,76.0,4.4,21.0
2025-01-24T06:00:00,11.4,72.0,5.1,87.0
2025-01-24T07:00:00,11.9,57.0,3.7,6.0
2025-01-24T08:00:00,13.8,48.0,5.3,82.0
2025-01-24T09:00:00,13.1,72.0,3.6,29.0
2025-01-24T10:00:00,10.6,60.0,8.0,67.0
2025-01-24T11:00:00,15.6,70.0,5.7,18.0
2025-01-24T12:00:00,17.6,65.0,0.4,27.0
2025-01-24T13:00:00,14.3,70.0,3.2,4.0
2025-01-24T14:00:00,13.7,48.0,1.7,41.0
2025-01-24T15:00:00,16.2,41.0,4.3,99.0
2025-01-24T16:00:00,12.7,59.0,5.3,55.0
2025-01-24T17:00:00,7.6,58.0,3.9,29.0
2025-01-24T18:00:00,11.7,56.0,7.1,31.0
2025-01-24T19:00:00,9.4,69.0,5.5,62.0
2025-01-24T20:00:00,9.0,61.0,3.8,88.0
2025-01-24T21:00:00,7.0,50.0,3.0,52.0
2025-01-24T22:00:00,7.7,56.0,2.0,46.0
2025-01-24T23:00:00,3.5,47.0,2.1,55.0
2025-01-25T00:00:00,4.1,61.0,2.6,27.0
2025-01-25T01:00:00,4.7,79.0,4.1,73.0
2025-01-25T02:00:00,7.3,75.0,4.0,37.0
2025-01-25T03:00:00,5.8,48.0,3.0,75.0
2025-01-25T04:00:00,9.8,60.0,4.3,77.0
2025-01-25T05:00:00,10.6,66.0,0.7,76.0
2025-01-25T06:00:00,8.7,55.0,5.7,21.0
2025-01-25T07:00:00,9.6,56.0,5.8,80.0
2025-01-25T08:00:00,10.0,66.0,2.0,98.0
2025-01-25T09:00:00,12.9,57.0,2.3,72.0
2025-01-25T10:00:00,12.7,76.0,6.3,28.0
2025-01-25T11:00:00,13.1,78.0,5.0,0.0
2025-01-25T12:00:00,16.5,74.0,1.8,99.0
2025-01-25T13:00:00,13.8,76.0,2.2,3.0
2025-01-25T14:00:00,13.3,68.0,7.2,52.0
2025-01-25T15:00:00,16.5,65.0,6.3,66.0
2025-01-25T16:00:00,15.9,71.0,5.1,79.0
2025-01-25T17:00:00,10.4,70.0,5.7,95.0
2025-01-25T18:00:00,12.5,52.0,2.8,18.0
2025-01-25T19:00:00,11.4,52.0,3.5,29.0
2025-01-25T20:00:00,5.7,64.0,2.6,24.0
2025-01-25T21:00:00,6.1,62.0,5.1,41.0
2025-01-25T22:00:00,5.5,63.0,5.0,76.0
2025-01-25T23:00:00,9.4,51.0,0.2,46.0
2025-01-26T00:00:00,5.6,64.0,4.2,45.0
2025-01-26T01:00:00,4.5,71.0,0.0,78.0
2025-01-26T02:00:00,4.7,54.0,5.6,15.0
2025-01-26T03:00:00,7.3,43.0,5.8,30.0
2025-01-26T04:00:00,7.4,53.0,0.0,47.0
2025-01-26T05:00:00,7.0,47.0,1.2,74.0
2025-01-26T06:00:00,12.5,66.0,0.3,4.0
2025-01-26T07:00:00,12.3,43.0,8.3,12.0
2025-01-26T08:00:00,8.6,57.0,2.5,64.0
2025-01-26T09:00:00,14.4,73.0,2.1,0.0
2025-01-26T10:00:00,11.5,57.0,2.4,62.0
2025-01-26T11:00:00,14.2,69.0,3.5,69.0
2025-01-26T12:00:00,15.2,51.0,0.0,33.0
2025-01-26T13:00:00,17.1,62.0,2.2,73.0
2025-01-26T14:00:00,16.6,53.0,8.5,40.0
2025-01-26T15:00:00,13.9,61.0,5.9,5.0
2025-01-26T16:00:00,14.9,68.0,6.2,9.0
2025-01-26T17:00:00,9.4,73.0,1.1,98.0
2025-01-26T18:00:00,12.7,40.0,0.0,1.0
2025-01-26T19:00:00,9.1,47.0,3.3,76.0
2025-01-26T20:00:00,9.8,75.0,3.6,88.0
2025-01-26T21:00:00,9.4,66.0,4.4,19.0
2025-01-26T22:00:00,6.5,71.0,3.8,26.0
2025-01-26T23:00:00,3.2,53.0,2.3,93.0
2025-01-27T00:00:00,1.1,50.0,2.1,89.0
2025-01-27T01:00:00,5.0,65.0,4.5,96.0
2025-01-27T02:00:00,-1.0,61.0,3.9,3.0
2025-01-27T03:00:00,8.6,79.0,1.9,57.0
2025-01-27T04:00:00,6.9,60.0,1.4,15.0
2025-01-27T05:00:00,7.5,50.0,0.1,35.0
2025-01-27T06:00:00,11.5,63.0,1.0,55.0
2025-01-27T07:00:00,9.8,69.0,2.8,70.0
2025-01-27T08:00:00,11.5,46.0,3.1,32.0
2025-01-27T09:00:00,15.4,62.0,4.3,6.0
2025-01-27T10:00:00,13.6,76.0,9.0,36.0
2025-01-27T11:00:00,15.7,68.0,3.7,93.0
2025-01-27T12:00:00,20.0,61.0,3.8,48.0
2025-01-27T13:00:00,13.8,47.0,4.2,21.0
2025-01-27T14:00:00,12.1,70.0,0.0,17.0
2025-01-27T15:00:00,10.2,61.0,5.0,63.0
2025-01-27T16:00:00,9.7,68.0,4.8,65.0
2025-01-27T17:00:00,11.7,69.0,5.2,81.0
2025-01-27T18:00:00,10.6,53.0,2.7,82.0
2025-01-27T19:00:00,13.9,50.0,2.7,65.0
2025-01-27T20:00:00,6.5,40.0,2.8,31.0
2025-01-27T21:00:00,3.7,49.0,2.9,89.0
2025-01-27T22:00:00,8.1,49.0,2.1,81.0
2025-01-27T23:00:00,7.4,58.0,5.6,88.0
2025-01-28T00:00:00,7.7,66.0,0.7,95.0
2025-01-28T01:00:00,6.8,41.0,3.8,28.0
2025-01-28T02:00:00,3.7,41.0,1.8,83.0
2025-01-28T03:00:00,6.4,42.0,3.5,80.0
2025-01-28T04:00:00,9.2,69.0,5.9,94.0
2025-01-28T05:00:00,10.8,47.0,3.5,45.0
2025-01-28T06:00:00,11.8,53.0,3.8,67.0
2025-01-28T07:00:00,10.3,47.0,5.9,59.0
2025-01-28T08:00:00,14.3,45.0,1.4,15.0
2025-01-28T09:00:00,15.2,61.0,2.0,84.0
2025-01-28T10:00:00,15.0,43.0,3.8,98.0
2025-01-28T11:00:00,15.0,73.0,4.2,90.0
2025-01-28T12:00:00,16.4,55.0,3.9,73.0
2025-01-28T13:00:00,16.6,70.0,5.1,4.0
2025-01-28T14:00:00,16.8,73.0,4.2,84.0
2025-01-28T15:00:00,11.1,60.0,4.8,52.0
2025-01-28T16:00:00,10.9,75.0,0.4,52.0
2025-01-28T17:00:00,11.2,65.0,7.8,9.0
2025-01-28T18:00:00,9.8,70.0,5.5,67.0
2025-01-28T19:00:00,8.5,72.0,6.5,58.0
2025-01-28T20:00:00,10.5,65.0,4.0,8.0
2025-01-28T21:00:00,8.4,76.0,1.0,93.0
2025-01-28T22:00:00,4.7,59.0,5.4,43.0
2025-01-28T23:00:00,3.9,47.0,3.8,15.0
2025-01-29T00:00:00,2.3,53.0,7.5,44.0
2025-01-29T01:00:00,7.4,47.0,2.4,6.0
2025-01-29T02:00:00,3.2,66.0,5.4,6.0
2025-01-29T03:00:00,5.2,52.0,3.1,33.0
2025-01-29T04:00:00,14.4,65.0,2.3,33.0
2025-01-29T05:00:00,9.2,48.0,4.0,15.0
2025-01-29T06:00:00,9.4,74.0,6.3,42.0
2025-01-29T07:00:00,11.2,64.0,3.6,45.0
2025-01-29T08:00:00,12.5,62.0,4.0,70.0
2025-01-29T09:00:00,14.6,70.0,4.1,34.0
2025-01-29T10:00:00,11.5,65.0,2.0,10.0
2025-01-29T11:00:00,14.8,61.0,0.3,61.0
2025-01-29T12:00:00,14.0,49.0,4.9,87.0
2025-01-29T13:00:00,15.6,48.0,4.8,6.0
2025-01-29T14:00:00,16.5,50.0,4.1,90.0
2025-01-29T15:00:00,12.7,52.0,2.5,15.0
2025-01-29T16:00:00,12.0,48.0,6.0,15.0
2025-01-29T17:00:00,10.7,45.0,3.9,0.0
2025-01-29T18:00:00,13.4,69.0,3.2,88.0
2025-01-29T19:00:00,8.8,53.0,2.1,55.0
2025-01-29T20:00:00,5.5,67.0,2.9,4.0
2025-01-29T21:00:00,9.2,43.0,5.3,90.0
2025-01-29T22:00:00,6.0,46.0,3.3,40.0
2025-01-29T23:00:00,1.0,54.0,1.4,77.0
2025-01-30T00:00:00,4.0,59.0,6.0,42.0
2025-01-30T01:00:00,3.0,72.0,4.6,80.0
2025-01-30T02:00:00,8.7,80.0,5.1,92.0
2025-01-30T03:00:00,7.0,61.0,8.9,47.0
2025-01-30T04:00:00,11.0,80.0,3.7,5.0
2025-01-30T05:00:00,7.3,73.0,2.7,42.0
2025-01-30T06:00:00,5.1,74.0,8.0,50.0
2025-01-30T07:00:00,8.8,75.0,5.4,75.0
2025-01-30T08:00:00,11.1,70.0,3.2,99.0
2025-01-30T09:00:00,11.1,63.0,5.5,81.0
2025-01-30T10:00:00,9.0,57.0,6.7,50.0
2025-01-30T11:00:00,11.4,45.0,1.9,50.0
2025-01-30T12:00:00,13.2,55.0,5.8,99.0
2025-01-30T13:00:00,17.2,64.0,5.9,32.0
2025-01-30T14:00:00,13.4,73.0,7.9,57.0
2025-01-30T15:00:00,14.6,73.0,4.9,40.0
2025-01-30T16:00:00,14.4,46.0,3.3,28.0
2025-01-30T17:00:00,12.9,45.0,4.5,80.0
2025-01-30T18:00:00,12.9,71.0,1.0,71.0
2025-01-30T19:00:00,8.1,73.0,1.1,60.0
2025-01-30T20:00:00,11.0,72.0,5.3,23.0
2025-01-30T21:00:00,7.5,68.0,4.6,19.0
2025-01-30T22:00:00,6.6,73.0,8.9,94.0
2025-01-30T23:00:00,5.3,60.0,7.4,81.0
