date_releve,secteur,consommation_kwh,nombre_sites
01/01/2025,Industrie,122467.52,446
01/01/2025,Residentiel,131092.14,217
01/01/2025,Tertiaire,126437.57,65
01/01/2025,Transport,43641.91,374
02/01/2025,Industrie,186829.42,189
02/01/2025,Residentiel,104112.43,451
02/01/2025,Tertiaire,97665.97,280
02/01/2025,Transport,60229.77,301
03/01/2025,Industrie,156906.47,166
03/01/2025,Residentiel,131708.93,232
03/01/2025,Tertiaire,122478.27,333
03/01/2025,Transport,57709.15,242
04/01/2025,Industrie,144137.9,271
04/01/2025,Residentiel,62273.01,145
04/01/2025,Tertiaire,50948.9,398
04/01/2025,Transport,45968.21,349
05/01/2025,Industrie,163399.72,388
05/01/2025,Residentiel,89974.3,244
05/01/2025,Tertiaire,59055.47,93
05/01/2025,Transport,41994.05,445
06/01/2025,Industrie,134985.32,366
06/01/2025,Residentiel,134508.37,201
06/01/2025,Tertiaire,105882.0,458
06/01/2025,Transport,54574.92,176
07/01/2025,Industrie,163078.48,415
07/01/2025,Residentiel,126381.08,87
07/01/2025,Tertiaire,82139.04,92
07/01/2025,Transport,59206.41,187
08/01/2025,Industrie,255589.98,128
08/01/2025,Residentiel,114071.38,244
08/01/2025,Tertiaire,83549.88,414
08/01/2025,Transport,52229.5,451
09/01/2025,Industrie,206790.91,374
09/01/2025,Residentiel,115650.62,128
09/01/2025,Tertiaire,78311.29,428
09/01/2025,Transport,75855.65,249
10/01/2025,Industrie,231105.71,212
10/01/2025,Residentiel,105589.83,234
10/01/2025,Tertiaire,56402.28,104
10/01/2025,Transport,72090.16,96
11/01/2025,Industrie,108747.33,52
11/01/2025,Residentiel,97282.51,207
11/01/2025,Tertiaire,38176.69,277
11/01/2025,Transport,49497.82,234
12/01/2025,Industrie,95478.47,439
12/01/2025,Residentiel,96276.84,188
12/01/2025,Tertiaire,63179.84,102
12/01/2025,Transport,33986.91,117
13/01/2025,Industrie,165346.69,94
13/01/2025,Residentiel,136471.64,145
13/01/2025,Tertiaire,91906.1,270
13/01/2025,Transport,67012.96,279
14/01/2025,Industrie,251151.86,335
14/01/2025,Residentiel,82458.2,334
14/01/2025,Tertiaire,119109.83,312
14/01/2025,Transport,61252.27,258
15/01/2025,Industrie,147643.77,102
15/01/2025,Residentiel,88072.47,63
15/01/2025,Tertiaire,86595.83,95
15/01/2025,Transport,71059.8,231
16/01/2025,Industrie,175408.23,333
16/01/2025,Residentiel,156267.72,97
16/01/2025,Tertiaire,63878.84,355
16/01/2025,Transport,59854.93,356
17/01/2025,Industrie,134913.84,451
17/01/2025,Residentiel,128727.17,216
17/01/2025,Tertiaire,105963.97,492
17/01/2025,Transport,54950.86,247
18/01/2025,Industrie,60373.81,56
18/01/2025,Residentiel,87342.33,199
18/01/2025,Tertiaire,68502.91,261
18/01/2025,Transport,45396.08,248
19/01/2025,Industrie,157141.71,448
19/01/2025,Residentiel,66006.3,93
19/01/2025,Tertiaire,71570.72,421
19/01/2025,Transport,52017.06,336
20/01/2025,Industrie,115970.85,174
20/01/2025,Residentiel,127671.64,342
20/01/2025,Tertiaire,80924.76,316
20/01/2025,Transport,59021.73,136
21/01/2025,Industrie,192516.35,400
21/01/2025,Residentiel,108306.51,244
21/01/2025,Tertiaire,77837.25,136
21/01/2025,Transport,60409.83,121
22/01/2025,Industrie,140859.15,187
22/01/2025,Residentiel,93940.2,204
22/01/2025,Tertiaire,102228.72,187
22/01/2025,Transport,46214.47,302
23/01/2025,Industrie,203987.25,124
23/01/2025,Residentiel,131102.19,82
23/01/2025,Tertiaire,58935.48,135
23/01/2025,Transport,51869.22,272
24/01/2025,Industrie,222987.94,191
24/01/2025,Residentiel,96452.03,265
24/01/2025,Tertiaire,81640.72,203
24/01/2025,Transport,65544.73,297
25/01/2025,Industrie,145741.44,450
25/01/2025,Residentiel,79774.15,89
25/01/2025,Tertiaire,55471.37,234
25/01/2025,Transport,53947.91,178
26/01/2025,Industrie,169820.27,176
26/01/2025,Residentiel,100444.82,419
26/01/2025,Tertiaire,64075.01,370
26/01/2025,Transport,35210.57,303
27/01/2025,Industrie,150104.0,354
27/01/2025,Residentiel,132540.34,365
27/01/2025,Tertiaire,97531.17,150
27/01/2025,Transport,76819.18,284
28/01/2025,Industrie,203416.2,104
28/01/2025,Residentiel,83926.07,119
28/01/2025,Tertiaire,108935.06,205
28/01/2025,Transport,48023.27,53
29/01/2025,Industrie,166177.03,252
29/01/2025,Residentiel,126004.8,220
29/01/2025,Tertiaire,125922.01,480
29/01/2025,Transport,97319.02,367
30/01/2025,Industrie,201842.03,244
30/01/2025,Residentiel,115603.28,461
30/01/2025,Tertiaire,99621.1,491
30/01/2025,Transport,70651.87,218
31/01/2025,Industrie,168455.97,275
31/01/2025,Residentiel,163085.07,221
31/01/2025,Tertiaire,94141.27,270
31/01/2025,Transport,65972.92,467
01/02/2025,Industrie,142781.29,471
01/02/2025,Residentiel,91082.66,490
01/02/2025,Tertiaire,73570.65,383
01/02/2025,Transport,36815.07,354
02/02/2025,Industrie,111930.8,119
02/02/2025,Residentiel,65517.41,203
02/02/2025,Tertiaire,68537.72,214
02/02/2025,Transport,48543.07,358
03/02/2025,Industrie,196479.82,405
03/02/2025,Residentiel,160187.82,152
03/02/2025,Tertiaire,89899.27,295
03/02/2025,Transport,68024.9,210
04/02/2025,Industrie,140698.77,140
04/02/2025,Residentiel,110709.61,253
04/02/2025,Tertiaire,102519.68,213
04/02/2025,Transport,70189.23,199
05/02/2025,Industrie,169417.19,426
05/02/2025,Residentiel,118281.62,405
05/02/2025,Tertiaire,62678.27,374
05/02/2025,Transport,55715.65,301
06/02/2025,Industrie,212053.79,344
06/02/2025,Residentiel,133804.92,450
06/02/2025,Tertiaire,99011.98,174
06/02/2025,Transport,60597.28,216
07/02/2025,Industrie,180254.27,242
07/02/2025,Residentiel,104152.29,193
07/02/2025,Tertiaire,102578.91,468
07/02/2025,Transport,65051.68,452
08/02/2025,Industrie,138398.87,251
08/02/2025,Residentiel,75162.61,236
08/02/2025,Tertiaire,35867.88,108
08/02/2025,Transport,51216.08,338
09/02/2025,Industrie,113933.3,152
09/02/2025,Residentiel,69505.37,353
09/02/2025,Tertiaire,71737.83,329
09/02/2025,Transport,38707.09,142
10/02/2025,Industrie,218157.71,399
10/02/2025,Residentiel,134808.14,443
10/02/2025,Tertiaire,102304.25,331
10/02/2025,Transport,43608.53,63
11/02/2025,Industrie,223629.98,422
11/02/2025,Residentiel,126270.01,286
11/02/2025,Tertiaire,83353.01,412
11/02/2025,Transport,61720.66,157
12/02/2025,Industrie,116055.53,274
12/02/2025,Residentiel,129807.67,458
12/02/2025,Tertiaire,71471.31,199
12/02/2025,Transport,43767.96,475
13/02/2025,Industrie,125195.07,404
13/02/2025,Residentiel,146704.52,85
13/02/2025,Tertiaire,78673.26,469
13/02/2025,Transport,78404.73,484
14/02/2025,Industrie,160711.15,457
14/02/2025,Residentiel,79023.41,457
14/02/2025,Tertiaire,69902.56,259
14/02/2025,Transport,74829.74,394
15/02/2025,Industrie,122071.37,305
15/02/2025,Residentiel,74788.77,121
15/02/2025,Tertiaire,65016.23,374
15/02/2025,Transport,46214.97,205
16/02/2025,Industrie,154158.45,173
16/02/2025,Residentiel,108334.79,179
16/02/2025,Tertiaire,58466.92,387
16/02/2025,Transport,30861.2,128
17/02/2025,Industrie,165115.25,416
17/02/2025,Residentiel,126246.73,266
17/02/2025,Tertiaire,72652.34,454
17/02/2025,Transport,48514.19,243
18/02/2025,Industrie,192376.36,87
18/02/2025,Residentiel,118832.34,279
18/02/2025,Tertiaire,90590.35,356
18/02/2025,Transport,50898.06,295
19/02/2025,Industrie,171705.57,348
19/02/2025,Residentiel,97818.4,255
19/02/2025,Tertiaire,106023.57,323
19/02/2025,Transport,72422.99,309
20/02/2025,Industrie,113537.24,495
20/02/2025,Residentiel,97691.74,404
20/02/2025,Tertiaire,63062.47,264
20/02/2025,Transport,52199.71,328
21/02/2025,Industrie,176996.23,68
21/02/2025,Residentiel,85208.51,454
21/02/2025,Tertiaire,73406.52,234
21/02/2025,Transport,47952.51,409
22/02/2025,Industrie,131223.14,465
22/02/2025,Residentiel,85164.98,324
22/02/2025,Tertiaire,53906.11,354
22/02/2025,Transport,43485.3,376
23/02/2025,Industrie,112223.66,93
23/02/2025,Residentiel,79436.19,105
23/02/2025,Tertiaire,84085.5,443
23/02/2025,Transport,53259.87,177
24/02/2025,Industrie,133215.08,386
24/02/2025,Residentiel,139913.58,390
24/02/2025,Tertiaire,104605.14,231
24/02/2025,Transport,46220.84,135
25/02/2025,Industrie,209476.0,381
25/02/2025,Residentiel,156910.37,363
25/02/2025,Tertiaire,69794.19,72
25/02/2025,Transport,48989.97,338
26/02/2025,Industrie,216635.81,380
26/02/2025,Residentiel,126515.89,396
26/02/2025,Tertiaire,99926.57,381
26/02/2025,Transport,64087.07,254
27/02/2025,Industrie,194065.05,435
27/02/2025,Residentiel,88164.67,219
27/02/2025,Tertiaire,108851.72,457
27/02/2025,Transport,74035.08,270
28/02/2025,Industrie,171741.93,104
28/02/2025,Residentiel,118956.55,55
28/02/2025,Tertiaire,62440.06,100
28/02/2025,Transport,66171.06,182
01/03/2025,Industrie,140415.85,163
01/03/2025,Residentiel,82955.19,311
01/03/2025,Tertiaire,77166.85,432
01/03/2025,Transport,39193.75,315
02/03/2025,Industrie,140228.07,335
02/03/2025,Residentiel,66869.64,347
02/03/2025,Tertiaire,62703.24,402
02/03/2025,Transport,40535.42,344
03/03/2025,Industrie,188111.09,163
03/03/2025,Residentiel,111131.35,278
03/03/2025,Tertiaire,87633.49,241
03/03/2025,Transport,69912.57,250
04/03/2025,Industrie,164276.49,287
04/03/2025,Residentiel,81442.15,445
04/03/2025,Tertiaire,121492.51,397
04/03/2025,Transport,76577.45,351
05/03/2025,Industrie,133478.54,403
05/03/2025,Residentiel,136552.99,306
05/03/2025,Tertiaire,80946.45,127
05/03/2025,Transport,63161.85,226
06/03/2025,Industrie,190592.07,62
06/03/2025,Residentiel,114374.21,297
06/03/2025,Tertiaire,75892.22,103
06/03/2025,Transport,51713.51,201
07/03/2025,Industrie,147017.09,262
07/03/2025,Residentiel,100036.27,93
07/03/2025,Tertiaire,88790.79,109
07/03/2025,Transport,51410.88,475
08/03/2025,Industrie,143187.71,423
08/03/2025,Residentiel,108985.74,122
08/03/2025,Tertiaire,55691.33,228
08/03/2025,Transport,44011.0,209
09/03/2025,Industrie,138592.06,225
09/03/2025,Residentiel,91929.64,283
09/03/2025,Tertiaire,63957.04,451
09/03/2025,Transport,48238.53,155
10/03/2025,Industrie,197360.96,316
10/03/2025,Residentiel,90296.1,297
10/03/2025,Tertiaire,105644.81,228
10/03/2025,Transport,70647.49,293
11/03/2025,Industrie,152521.7,99
11/03/2025,Residentiel,120910.51,274
11/03/2025,Tertiaire,102299.92,419
11/03/2025,Transport,57488.23,406
12/03/2025,Industrie,218627.21,281
12/03/2025,Residentiel,176732.94,213
12/03/2025,Tertiaire,75852.25,84
12/03/2025,Transport,43427.46,203
13/03/2025,Industrie,190937.47,72
13/03/2025,Residentiel,137317.5,464
13/03/2025,Tertiaire,85844.41,413
13/03/2025,Transport,77439.13,108
14/03/2025,Industrie,131810.19,61
14/03/2025,Residentiel,136630.05,484
14/03/2025,Tertiaire,79094.51,225
14/03/2025,Transport,80632.53,381
15/03/2025,Industrie,176211.39,105
15/03/2025,Residentiel,71120.17,396
15/03/2025,Tertiaire,56075.58,459
15/03/2025,Transport,49220.54,134
16/03/2025,Industrie,116244.31,429
16/03/2025,Residentiel,83237.09,174
16/03/2025,Tertiaire,63319.89,314
16/03/2025,Transport,25874.75,139
17/03/2025,Industrie,179501.84,332
17/03/2025,Residentiel,103446.53,131
17/03/2025,Tertiaire,81123.79,219
17/03/2025,Transport,77323.58,336
18/03/2025,Industrie,134765.75,268
18/03/2025,Residentiel,139516.92,286
18/03/2025,Tertiaire,84978.67,168
18/03/2025,Transport,56642.88,458
19/03/2025,Industrie,208453.39,257
19/03/2025,Residentiel,128161.23,372
19/03/2025,Tertiaire,100271.03,144
19/03/2025,Transport,71618.22,145
20/03/2025,Industrie,168072.9,377
20/03/2025,Residentiel,105306.32,386
20/03/2025,Tertiaire,70467.29,271
20/03/2025,Transport,50095.07,252
21/03/2025,Industrie,286167.4,64
21/03/2025,Residentiel,149872.31,427
21/03/2025,Tertiaire,65680.66,364
21/03/2025,Transport,44130.5,151
22/03/2025,Industrie,138143.02,280
22/03/2025,Residentiel,93194.05,353
22/03/2025,Tertiaire,69915.94,269
22/03/2025,Transport,39858.37,249
23/03/2025,Industrie,122838.55,52
23/03/2025,Residentiel,89508.38,410
23/03/2025,Tertiaire,64082.25,159
23/03/2025,Transport,23357.88,155
24/03/2025,Industrie,171727.21,192
24/03/2025,Residentiel,99566.25,435
24/03/2025,Tertiaire,93153.81,410
24/03/2025,Transport,95823.11,464
25/03/2025,Industrie,193229.34,457
25/03/2025,Residentiel,112475.29,82
25/03/2025,Tertiaire,106592.43,345
25/03/2025,Transport,65792.25,102
26/03/2025,Industrie,195123.4,459
26/03/2025,Residentiel,134564.41,496
26/03/2025,Tertiaire,127017.78,324
26/03/2025,Transport,46429.34,145
27/03/2025,Industrie,197050.75,237
27/03/2025,Residentiel,97766.85,216
27/03/2025,Tertiaire,99999.23,150
27/03/2025,Transport,48975.76,284
28/03/2025,Industrie,164974.79,108
28/03/2025,Residentiel,112917.84,184
28/03/2025,Tertiaire,107564.7,393
28/03/2025,Transport,71021.45,491
29/03/2025,Industrie,94607.92,300
29/03/2025,Residentiel,84922.89,320
29/03/2025,Tertiaire,54059.29,377
29/03/2025,Transport,31428.56,210
30/03/2025,Industrie,120531.17,355
30/03/2025,Residentiel,78817.49,248
30/03/2025,Tertiaire,93576.63,362
30/03/2025,Transport,45636.86,250
31/03/2025,Industrie,130405.77,350
31/03/2025,Residentiel,106445.42,108
31/03/2025,Tertiaire,108384.9,228
31/03/2025,Transport,85061.31,230
01/04/2025,Industrie,122904.6,482
01/04/2025,Residentiel,74881.81,284
01/04/2025,Tertiaire,123677.37,366
01/04/2025,Transport,64675.37,138
02/04/2025,Industrie,148741.46,466
02/04/2025,Residentiel,132831.1,394
02/04/2025,Tertiaire,42556.54,411
02/04/2025,Transport,60040.51,459
03/04/2025,Industrie,191801.56,202
03/04/2025,Residentiel,142182.48,364
03/04/2025,Tertiaire,71749.87,352
03/04/2025,Transport,61028.25,93
04/04/2025,Industrie,146684.71,394
04/04/2025,Residentiel,126129.21,118
04/04/2025,Tertiaire,73883.77,210
04/04/2025,Transport,55102.79,110
05/04/2025,Industrie,100905.45,172
05/04/2025,Residentiel,94939.09,206
05/04/2025,Tertiaire,73816.48,109
05/04/2025,Transport,40029.19,143
06/04/2025,Industrie,126963.6,241
06/04/2025,Residentiel,59663.66,405
06/04/2025,Tertiaire,59224.07,122
06/04/2025,Transport,41578.28,311
07/04/2025,Industrie,274348.55,248
07/04/2025,Residentiel,93312.79,264
07/04/2025,Tertiaire,116355.19,355
07/04/2025,Transport,71962.31,120
08/04/2025,Industrie,190102.91,344
08/04/2025,Residentiel,162206.89,246
08/04/2025,Tertiaire,96697.9,266
08/04/2025,Transport,64669.91,145
09/04/2025,Industrie,178087.66,299
09/04/2025,Residentiel,149365.65,375
09/04/2025,Tertiaire,109736.45,325
09/04/2025,Transport,52491.87,405
10/04/2025,Industrie,132507.1,380
10/04/2025,Residentiel,115128.46,138
10/04/2025,Tertiaire,75599.31,334
10/04/2025,Transport,59237.71,135
11/04/2025,Industrie,224547.77,300
11/04/2025,Residentiel,109024.76,197
11/04/2025,Tertiaire,89229.18,121
11/04/2025,Transport,60696.27,145
12/04/2025,Industrie,147380.46,211
12/04/2025,Residentiel,46252.26,481
12/04/2025,Tertiaire,55355.58,280
12/04/2025,Transport,43774.78,367
13/04/2025,Industrie,156241.99,77
13/04/2025,Residentiel,75736.04,493
13/04/2025,Tertiaire,39355.44,233
13/04/2025,Transport,47205.58,54
14/04/2025,Industrie,157126.95,298
14/04/2025,Residentiel,91448.0,119
14/04/2025,Tertiaire,78761.78,149
14/04/2025,Transport,57785.7,467
15/04/2025,Industrie,158229.19,246
15/04/2025,Residentiel,67066.41,337
15/04/2025,Tertiaire,106147.19,308
15/04/2025,Transport,75298.5,384
16/04/2025,Industrie,203454.79,303
16/04/2025,Residentiel,92695.54,259
16/04/2025,Tertiaire,86373.15,400
16/04/2025,Transport,59921.74,301
17/04/2025,Industrie,201556.6,262
17/04/2025,Residentiel,136040.17,413
17/04/2025,Tertiaire,76784.87,480
17/04/2025,Transport,60983.95,277
18/04/2025,Industrie,196462.09,300
18/04/2025,Residentiel,154939.74,135
18/04/2025,Tertiaire,102681.12,92
18/04/2025,Transport,69468.68,339
19/04/2025,Industrie,128112.43,65
19/04/2025,Residentiel,107695.71,457
19/04/2025,Tertiaire,68163.01,439
19/04/2025,Transport,34766.86,162
20/04/2025,Industrie,161364.92,199
20/04/2025,Residentiel,95724.77,66
20/04/2025,Tertiaire,57417.65,190
20/04/2025,Transport,37972.26,165
21/04/2025,Industrie,190676.72,325
21/04/2025,Residentiel,131116.44,197
21/04/2025,Tertiaire,93551.26,136
21/04/2025,Transport,63735.7,449
22/04/2025,Industrie,241198.47,284
22/04/2025,Residentiel,145717.04,339
22/04/2025,Tertiaire,93431.44,430
22/04/2025,Transport,71295.73,445
23/04/2025,Industrie,142829.14,442
23/04/2025,Residentiel,129550.25,303
23/04/2025,Tertiaire,122567.51,331
23/04/2025,Transport,57383.45,311
24/04/2025,Industrie,149485.18,107
24/04/2025,Residentiel,104349.87,343
24/04/2025,Tertiaire,70386.61,108
24/04/2025,Transport,50582.86,187
25/04/2025,Industrie,166661.71,446
25/04/2025,Residentiel,86266.39,328
25/04/2025,Tertiaire,90281.13,471
25/04/2025,Transport,70827.33,237
26/04/2025,Industrie,103124.54,327
26/04/2025,Residentiel,109523.97,471
26/04/2025,Tertiaire,69435.98,437
26/04/2025,Transport,50656.88,71
27/04/2025,Industrie,109422.57,439
27/04/2025,Residentiel,98356.02,418
27/04/2025,Tertiaire,49241.63,275
27/04/2025,Transport,49478.08,329
28/04/2025,Industrie,186186.22,161
28/04/2025,Residentiel,133278.03,267
28/04/2025,Tertiaire,68839.3,102
28/04/2025,Transport,49259.16,426
29/04/2025,Industrie,201500.22,474
29/04/2025,Residentiel,97239.65,384
29/04/2025,Tertiaire,98337.71,434
29/04/2025,Transport,43594.35,176
30/04/2025,Industrie,210534.27,202
30/04/2025,Residentiel,90419.44,497
30/04/2025,Tertiaire,99941.4,66
30/04/2025,Transport,67507.57,280
01/05/2025,Industrie,154916.21,184
01/05/2025,Residentiel,133968.64,228
01/05/2025,Tertiaire,94687.96,491
01/05/2025,Transport,53533.9,468
02/05/2025,Industrie,143692.03,94
02/05/2025,Residentiel,72896.98,274
02/05/2025,Tertiaire,96293.7,493
02/05/2025,Transport,41222.37,110
03/05/2025,Industrie,128402.67,447
03/05/2025,Residentiel,79574.07,465
03/05/2025,Tertiaire,71557.2,171
03/05/2025,Transport,39462.82,157
04/05/2025,Industrie,117697.92,465
04/05/2025,Residentiel,96295.43,427
04/05/2025,Tertiaire,67221.73,351
04/05/2025,Transport,44655.71,402
05/05/2025,Industrie,196893.63,229
05/05/2025,Residentiel,83146.27,490
05/05/2025,Tertiaire,103622.2,413
05/05/2025,Transport,67349.63,362
06/05/2025,Industrie,143399.41,373
06/05/2025,Residentiel,114142.07,269
06/05/2025,Tertiaire,89292.47,134
06/05/2025,Transport,58386.04,365
07/05/2025,Industrie,192018.96,121
07/05/2025,Residentiel,154352.8,451
07/05/2025,Tertiaire,109471.8,155
07/05/2025,Transport,44253.37,466
08/05/2025,Industrie,202394.52,155
08/05/2025,Residentiel,151894.4,462
08/05/2025,Tertiaire,96962.55,80
08/05/2025,Transport,73091.77,341
09/05/2025,Industrie,252441.74,229
09/05/2025,Residentiel,144569.03,322
09/05/2025,Tertiaire,94487.55,193
09/05/2025,Transport,72541.06,355
10/05/2025,Industrie,129651.17,325
10/05/2025,Residentiel,84401.57,136
10/05/2025,Tertiaire,58572.18,215
10/05/2025,Transport,55132.67,410
11/05/2025,Industrie,105375.6,199
11/05/2025,Residentiel,109743.78,198
11/05/2025,Tertiaire,69298.29,343
11/05/2025,Transport,30245.83,186
12/05/2025,Industrie,193235.37,489
12/05/2025,Residentiel,69599.36,313
12/05/2025,Tertiaire,101259.14,397
12/05/2025,Transport,70622.78,467
13/05/2025,Industrie,158675.19,98
13/05/2025,Residentiel,122965.14,119
13/05/2025,Tertiaire,125174.83,434
13/05/2025,Transport,53931.04,452
14/05/2025,Industrie,141879.33,260
14/05/2025,Residentiel,155559.92,80
14/05/2025,Tertiaire,125326.57,191
14/05/2025,Transport,60044.35,493
15/05/2025,Industrie,216412.67,385
15/05/2025,Residentiel,152195.42,114
15/05/2025,Tertiaire,76635.28,409
15/05/2025,Transport,54176.33,493
16/05/2025,Industrie,224311.48,117
16/05/2025,Residentiel,160440.34,177
16/05/2025,Tertiaire,100131.86,124
16/05/2025,Transport,49442.23,414
17/05/2025,Industrie,176073.94,214
17/05/2025,Residentiel,75079.69,474
17/05/2025,Tertiaire,58777.26,176
17/05/2025,Transport,44875.64,439
18/05/2025,Industrie,165164.84,481
18/05/2025,Residentiel,98346.8,396
18/05/2025,Tertiaire,68227.31,251
18/05/2025,Transport,45891.62,300
19/05/2025,Industrie,181566.53,122
19/05/2025,Residentiel,133395.35,345
19/05/2025,Tertiaire,44467.92,373
19/05/2025,Transport,56440.71,187
20/05/2025,Industrie,188687.59,371
20/05/2025,Residentiel,92375.66,262
20/05/2025,Tertiaire,96953.82,242
20/05/2025,Transport,57546.35,281
21/05/2025,Industrie,243197.13,88
21/05/2025,Residentiel,157752.47,374
21/05/2025,Tertiaire,81615.5,456
21/05/2025,Transport,58189.95,500
22/05/2025,Industrie,177337.89,443
22/05/2025,Residentiel,109160.17,97
22/05/2025,Tertiaire,93510.45,256
22/05/2025,Transport,50900.62,313
23/05/2025,Industrie,139297.85,433
23/05/2025,Residentiel,134945.07,192
23/05/2025,Tertiaire,101331.53,405
23/05/2025,Transport,50348.21,499
24/05/2025,Industrie,148562.96,238
24/05/2025,Residentiel,73389.49,282
24/05/2025,Tertiaire,66189.88,299
24/05/2025,Transport,48890.89,217
25/05/2025,Industrie,125152.96,347
25/05/2025,Residentiel,91639.65,51
25/05/2025,Tertiaire,56492.99,494
25/05/2025,Transport,40349.68,446
26/05/2025,Industrie,172589.06,483
26/05/2025,Residentiel,102082.12,425
26/05/2025,Tertiaire,86818.07,97
26/05/2025,Transport,41416.58,424
27/05/2025,Industrie,162318.47,284
27/05/2025,Residentiel,113162.99,375
27/05/2025,Tertiaire,85388.76,390
27/05/2025,Transport,57102.03,407
28/05/2025,Industrie,177776.49,233
28/05/2025,Residentiel,131506.6,485
28/05/2025,Tertiaire,105741.31,82
28/05/2025,Transport,52202.82,457
29/05/2025,Industrie,136684.77,323
29/05/2025,Residentiel,94990.93,253
29/05/2025,Tertiaire,81230.35,161
29/05/2025,Transport,55776.94,269
30/05/2025,Industrie,152280.14,472
30/05/2025,Residentiel,88893.2,158
30/05/2025,Tertiaire,81789.83,303
30/05/2025,Transport,62177.12,187
31/05/2025,Industrie,140994.74,215
31/05/2025,Residentiel,74635.29,474
31/05/2025,Tertiaire,57796.23,195
31/05/2025,Transport,34215.73,222
01/06/2025,Industrie,125207.73,330
01/06/2025,Residentiel,69746.4,345
01/06/2025,Tertiaire,70221.41,116
01/06/2025,Transport,26998.72,339
02/06/2025,Industrie,167053.33,486
02/06/2025,Residentiel,127226.58,298
02/06/2025,Tertiaire,93309.02,453
02/06/2025,Transport,92316.4,225
03/06/2025,Industrie,192592.8,399
03/06/2025,Residentiel,95902.69,440
03/06/2025,Tertiaire,88281.64,74
03/06/2025,Transport,38685.04,73
04/06/2025,Industrie,177098.41,100
04/06/2025,Residentiel,100006.65,370
04/06/2025,Tertiaire,106477.02,451
04/06/2025,Transport,53405.52,478
05/06/2025,Industrie,175796.43,285
05/06/2025,Residentiel,104746.61,58
05/06/2025,Tertiaire,121299.32,113
05/06/2025,Transport,56145.09,489
06/06/2025,Industrie,245972.05,130
06/06/2025,Residentiel,139539.64,275
06/06/2025,Tertiaire,98677.2,283
06/06/2025,Transport,64424.8,50
07/06/2025,Industrie,135923.69,269
07/06/2025,Residentiel,51615.1,153
07/06/2025,Tertiaire,59486.07,402
07/06/2025,Transport,49099.33,117
08/06/2025,Industrie,124767.79,382
08/06/2025,Residentiel,60392.81,204
08/06/2025,Tertiaire,62339.7,131
08/06/2025,Transport,56314.49,497
09/06/2025,Industrie,224888.1,498
09/06/2025,Residentiel,118511.9,190
09/06/2025,Tertiaire,107126.09,97
09/06/2025,Transport,55601.92,385
10/06/2025,Industrie,118660.62,234
10/06/2025,Residentiel,97812.82,178
10/06/2025,Tertiaire,118132.0,92
10/06/2025,Transport,56712.08,240
11/06/2025,Industrie,171238.18,390
11/06/2025,Residentiel,112803.88,382
11/06/2025,Tertiaire,124274.46,134
11/06/2025,Transport,79511.51,76
12/06/2025,Industrie,259876.09,252
12/06/2025,Residentiel,116182.91,370
12/06/2025,Tertiaire,95321.24,206
12/06/2025,Transport,41800.29,421
13/06/2025,Industrie,233169.64,408
13/06/2025,Residentiel,91973.29,436
13/06/2025,Tertiaire,93901.96,169
13/06/2025,Transport,46832.37,269
14/06/2025,Industrie,111160.56,385
14/06/2025,Residentiel,69933.99,96
14/06/2025,Tertiaire,55340.77,410
14/06/2025,Transport,37471.37,98
15/06/2025,Industrie,112183.63,50
15/06/2025,Residentiel,98000.01,159
15/06/2025,Tertiaire,49078.73,294
15/06/2025,Transport,43852.55,89
16/06/2025,Industrie,223846.53,117
16/06/2025,Residentiel,107683.29,353
16/06/2025,Tertiaire,77077.46,165
16/06/2025,Transport,57233.7,315
17/06/2025,Industrie,222470.11,398
17/06/2025,Residentiel,124658.58,277
17/06/2025,Tertiaire,80438.14,54
17/06/2025,Transport,65806.52,54
18/06/2025,Industrie,140317.48,406
18/06/2025,Residentiel,136352.63,225
18/06/2025,Tertiaire,97354.93,468
18/06/2025,Transport,56306.3,111
19/06/2025,Industrie,149810.91,490
19/06/2025,Residentiel,98719.66,266
19/06/2025,Tertiaire,99626.71,405
19/06/2025,Transport,74747.77,117
20/06/2025,Industrie,157056.92,294
20/06/2025,Residentiel,131001.28,86
20/06/2025,Tertiaire,52433.51,167
20/06/2025,Transport,52984.59,246
21/06/2025,Industrie,125217.31,95
21/06/2025,Residentiel,68717.32,424
21/06/2025,Tertiaire,51200.02,462
21/06/2025,Transport,36390.65,102
22/06/2025,Industrie,133363.26,102
22/06/2025,Residentiel,80852.87,210
22/06/2025,Tertiaire,34798.29,238
22/06/2025,Transport,24186.12,203
23/06/2025,Industrie,158152.85,120
23/06/2025,Residentiel,130984.48,245
23/06/2025,Tertiaire,40544.91,446
23/06/2025,Transport,54003.24,466
24/06/2025,Industrie,161055.08,435
24/06/2025,Residentiel,153320.11,497
24/06/2025,Tertiaire,83069.61,118
24/06/2025,Transport,64595.87,378
25/06/2025,Industrie,185085.26,396
25/06/2025,Residentiel,68866.4,123
25/06/2025,Tertiaire,103827.73,85
25/06/2025,Transport,62584.76,321
26/06/2025,Industrie,198297.67,338
26/06/2025,Residentiel,214229.7,54
26/06/2025,Tertiaire,52485.97,362
26/06/2025,Transport,80696.36,382
27/06/2025,Industrie,169651.89,134
27/06/2025,Residentiel,126895.89,275
27/06/2025,Tertiaire,89180.78,229
27/06/2025,Transport,54909.16,419
28/06/2025,Industrie,111640.21,159
28/06/2025,Residentiel,89535.75,371
28/06/2025,Tertiaire,43883.61,433
28/06/2025,Transport,48304.87,127
29/06/2025,Industrie,115511.9,260
29/06/2025,Residentiel,65014.84,365
29/06/2025,Tertiaire,57329.84,401
29/06/2025,Transport,52560.05,276
30/06/2025,Industrie,160727.94,490
30/06/2025,Residentiel,128602.89,161
30/06/2025,Tertiaire,76842.79,94
30/06/2025,Transport,69095.06,101
01/07/2025,Industrie,204678.28,121
01/07/2025,Residentiel,164366.61,435
01/07/2025,Tertiaire,86839.85,113
01/07/2025,Transport,68023.86,351
02/07/2025,Industrie,183530.43,423
02/07/2025,Residentiel,151100.92,246
02/07/2025,Tertiaire,77061.02,229
02/07/2025,Transport,68940.06,269
03/07/2025,Industrie,172990.9,211
03/07/2025,Residentiel,118459.48,455
03/07/2025,Tertiaire,91651.54,121
03/07/2025,Transport,63026.88,176
04/07/2025,Industrie,175815.75,191
04/07/2025,Residentiel,125153.12,380
04/07/2025,Tertiaire,118406.13,93
04/07/2025,Transport,71825.4,177
05/07/2025,Industrie,147902.7,333
05/07/2025,Residentiel,76346.94,357
05/07/2025,Tertiaire,51795.57,357
05/07/2025,Transport,50024.52,419
06/07/2025,Industrie,148076.38,361
06/07/2025,Residentiel,108740.87,195
06/07/2025,Tertiaire,55389.84,448
06/07/2025,Transport,40071.79,403
07/07/2025,Industrie,120978.57,63
07/07/2025,Residentiel,110580.69,484
07/07/2025,Tertiaire,107938.27,483
07/07/2025,Transport,54402.06,387
08/07/2025,Industrie,203057.27,498
08/07/2025,Residentiel,115427.93,204
08/07/2025,Tertiaire,95833.03,155
08/07/2025,Transport,46227.7,315
09/07/2025,Industrie,183067.54,360
09/07/2025,Residentiel,48212.74,310
09/07/2025,Tertiaire,86635.87,146
09/07/2025,Transport,40434.32,432
10/07/2025,Industrie,223415.8,250
10/07/2025,Residentiel,138657.78,201
10/07/2025,Tertiaire,98400.08,380
10/07/2025,Transport,78252.07,77
11/07/2025,Industrie,145839.01,451
11/07/2025,Residentiel,161936.72,456
11/07/2025,Tertiaire,106779.45,172
11/07/2025,Transport,57161.34,303
12/07/2025,Industrie,154617.63,247
12/07/2025,Residentiel,65414.27,107
12/07/2025,Tertiaire,52611.12,173
12/07/2025,Transport,36887.85,305
13/07/2025,Industrie,112669.76,376
13/07/2025,Residentiel,66249.83,354
13/07/2025,Tertiaire,78410.85,86
13/07/2025,Transport,39825.62,320
14/07/2025,Industrie,192690.18,56
14/07/2025,Residentiel,106311.57,234
14/07/2025,Tertiaire,57229.14,212
14/07/2025,Transport,63240.69,117
15/07/2025,Industrie,111158.82,248
15/07/2025,Residentiel,118352.78,490
15/07/2025,Tertiaire,65370.33,479
15/07/2025,Transport,83847.31,341
16/07/2025,Industrie,212809.06,265
16/07/2025,Residentiel,122538.09,237
16/07/2025,Tertiaire,112746.72,329
16/07/2025,Transport,49844.21,399
17/07/2025,Industrie,199565.26,138
17/07/2025,Residentiel,124795.45,440
17/07/2025,Tertiaire,94752.36,291
17/07/2025,Transport,75268.24,444
18/07/2025,Industrie,206369.72,87
18/07/2025,Residentiel,126929.37,58
18/07/2025,Tertiaire,60212.03,350
18/07/2025,Transport,48479.44,84
19/07/2025,Industrie,122907.73,57
19/07/2025,Residentiel,85568.66,184
19/07/2025,Tertiaire,48759.43,160
19/07/2025,Transport,62258.08,70
20/07/2025,Industrie,164213.13,80
20/07/2025,Residentiel,94115.59,454
20/07/2025,Tertiaire,63907.66,253
20/07/2025,Transport,40217.44,309
21/07/2025,Industrie,145730.94,196
21/07/2025,Residentiel,121859.53,371
21/07/2025,Tertiaire,94639.55,414
21/07/2025,Transport,45098.87,306
22/07/2025,Industrie,192030.35,442
22/07/2025,Residentiel,116273.78,262
22/07/2025,Tertiaire,55659.46,266
22/07/2025,Transport,49675.38,409
23/07/2025,Industrie,165110.2,255
23/07/2025,Residentiel,165304.5,92
23/07/2025,Tertiaire,100017.96,377
23/07/2025,Transport,43974.22,324
24/07/2025,Industrie,197497.31,325
24/07/2025,Residentiel,82864.7,365
24/07/2025,Tertiaire,109488.44,128
24/07/2025,Transport,54346.5,192
25/07/2025,Industrie,176629.1,92
25/07/2025,Residentiel,151819.12,208
25/07/2025,Tertiaire,66831.06,90
25/07/2025,Transport,43234.58,311
26/07/2025,Industrie,111293.3,154
26/07/2025,Residentiel,101444.76,463
26/07/2025,Tertiaire,43856.24,129
26/07/2025,Transport,18209.89,324
27/07/2025,Industrie,114630.8,217
27/07/2025,Residentiel,93269.25,250
27/07/2025,Tertiaire,78123.3,350
27/07/2025,Transport,38109.44,374
28/07/2025,Industrie,165188.64,440
28/07/2025,Residentiel,147693.62,477
28/07/2025,Tertiaire,56344.65,382
28/07/2025,Transport,55337.75,398
29/07/2025,Industrie,186855.26,379
29/07/2025,Residentiel,130781.25,83
29/07/2025,Tertiaire,80823.48,208
29/07/2025,Transport,60413.29,407
30/07/2025,Industrie,90420.22,273
30/07/2025,Residentiel,104202.04,423
30/07/2025,Tertiaire,98163.16,483
30/07/2025,Transport,48212.47,172
31/07/2025,Industrie,182123.43,79
31/07/2025,Residentiel,130724.94,175
31/07/2025,Tertiaire,83834.11,94
31/07/2025,Transport,62045.57,272
01/08/2025,Industrie,145341.63,109
01/08/2025,Residentiel,115041.33,282
01/08/2025,Tertiaire,100983.89,363
01/08/2025,Transport,61883.68,361
02/08/2025,Industrie,111219.41,78
02/08/2025,Residentiel,87766.84,208
02/08/2025,Tertiaire,72004.08,391
02/08/2025,Transport,24780.49,429
03/08/2025,Industrie,155208.67,386
03/08/2025,Residentiel,78350.92,429
03/08/2025,Tertiaire,68361.17,139
03/08/2025,Transport,52056.87,111
04/08/2025,Industrie,130619.75,56
04/08/2025,Residentiel,102973.42,412
04/08/2025,Tertiaire,84806.12,120
04/08/2025,Transport,50594.96,409
05/08/2025,Industrie,242457.72,55
05/08/2025,Residentiel,99437.47,133
05/08/2025,Tertiaire,80000.16,304
05/08/2025,Transport,62452.67,227
06/08/2025,Industrie,136722.62,317
06/08/2025,Residentiel,110503.66,314
06/08/2025,Tertiaire,95714.16,450
06/08/2025,Transport,56005.68,471
07/08/2025,Industrie,176638.07,419
07/08/2025,Residentiel,107296.03,182
07/08/2025,Tertiaire,62739.53,135
07/08/2025,Transport,63859.12,240
08/08/2025,Industrie,243177.59,114
08/08/2025,Residentiel,120441.64,433
08/08/2025,Tertiaire,94054.75,449
08/08/2025,Transport,68312.67,497
09/08/2025,Industrie,94012.87,187
09/08/2025,Residentiel,112602.25,425
09/08/2025,Tertiaire,65549.34,110
09/08/2025,Transport,55707.6,444
10/08/2025,Industrie,107527.57,65
10/08/2025,Residentiel,114543.44,221
10/08/2025,Tertiaire,72766.96,463
10/08/2025,Transport,46645.54,269
11/08/2025,Industrie,188424.88,189
11/08/2025,Residentiel,114035.31,318
11/08/2025,Tertiaire,111609.57,82
11/08/2025,Transport,61684.32,184
12/08/2025,Industrie,109185.49,414
12/08/2025,Residentiel,93187.52,345
12/08/2025,Tertiaire,86654.78,371
12/08/2025,Transport,63719.99,89
13/08/2025,Industrie,177962.81,304
13/08/2025,Residentiel,149255.3,283
13/08/2025,Tertiaire,54880.17,311
13/08/2025,Transport,61723.06,234
14/08/2025,Industrie,114552.75,78
14/08/2025,Residentiel,138233.1,305
14/08/2025,Tertiaire,88299.74,489
14/08/2025,Transport,65035.32,340
15/08/2025,Industrie,148900.21,135
15/08/2025,Residentiel,150707.16,238
15/08/2025,Tertiaire,108751.04,130
15/08/2025,Transport,67002.53,180
16/08/2025,Industrie,122736.17,445
16/08/2025,Residentiel,93741.6,102
16/08/2025,Tertiaire,54093.15,343
16/08/2025,Transport,49186.67,395
17/08/2025,Industrie,167566.92,420
17/08/2025,Residentiel,101986.26,109
17/08/2025,Tertiaire,53807.01,166
17/08/2025,Transport,45035.91,429
18/08/2025,Industrie,133446.9,310
18/08/2025,Residentiel,133737.37,51
18/08/2025,Tertiaire,98110.86,72
18/08/2025,Transport,37562.2,489
19/08/2025,Industrie,138175.78,491
19/08/2025,Residentiel,113204.67,56
19/08/2025,Tertiaire,84584.52,175
19/08/2025,Transport,45486.28,73
20/08/2025,Industrie,194003.23,291
20/08/2025,Residentiel,126035.37,236
20/08/2025,Tertiaire,86503.16,246
20/08/2025,Transport,50930.5,126
21/08/2025,Industrie,217753.46,141
21/08/2025,Residentiel,159729.77,489
21/08/2025,Tertiaire,81295.89,68
21/08/2025,Transport,52654.0,333
22/08/2025,Industrie,197683.48,461
22/08/2025,Residentiel,111407.29,415
22/08/2025,Tertiaire,87490.85,429
22/08/2025,Transport,68875.84,385
23/08/2025,Industrie,77884.23,264
23/08/2025,Residentiel,106147.48,164
23/08/2025,Tertiaire,63915.77,214
23/08/2025,Transport,38543.46,177
24/08/2025,Industrie,123751.3,263
24/08/2025,Residentiel,83368.81,418
24/08/2025,Tertiaire,41186.86,213
24/08/2025,Transport,54557.48,188
25/08/2025,Industrie,181487.72,472
25/08/2025,Residentiel,130632.05,89
25/08/2025,Tertiaire,107127.9,342
25/08/2025,Transport,47746.05,240
26/08/2025,Industrie,197044.99,111
26/08/2025,Residentiel,113576.61,307
26/08/2025,Tertiaire,105241.87,394
26/08/2025,Transport,34473.27,76
27/08/2025,Industrie,176432.61,141
27/08/2025,Residentiel,105532.3,164
27/08/2025,Tertiaire,97780.73,461
27/08/2025,Transport,65640.53,314
28/08/2025,Industrie,154525.47,73
28/08/2025,Residentiel,102907.83,255
28/08/2025,Tertiaire,88008.02,85
28/08/2025,Transport,49240.29,499
29/08/2025,Industrie,210311.41,288
29/08/2025,Residentiel,111139.03,493
29/08/2025,Tertiaire,37674.21,194
29/08/2025,Transport,55502.14,446
30/08/2025,Industrie,99828.7,482
30/08/2025,Residentiel,56594.57,209
30/08/2025,Tertiaire,47408.42,217
30/08/2025,Transport,42919.03,94
31/08/2025,Industrie,159481.75,333
31/08/2025,Residentiel,89261.5,283
31/08/2025,Tertiaire,55358.06,54
31/08/2025,Transport,45829.6,238
01/09/2025,Industrie,163472.75,152
01/09/2025,Residentiel,103329.59,199
01/09/2025,Tertiaire,69221.47,338
01/09/2025,Transport,38978.05,451
02/09/2025,Industrie,165962.75,205
02/09/2025,Residentiel,123793.28,428
02/09/2025,Tertiaire,88260.77,368
02/09/2025,Transport,55008.4,174
03/09/2025,Industrie,145953.14,287
03/09/2025,Residentiel,134597.91,238
03/09/2025,Tertiaire,66291.63,352
03/09/2025,Transport,69312.33,302
04/09/2025,Industrie,143920.19,445
04/09/2025,Residentiel,101941.55,447
04/09/2025,Tertiaire,63597.87,150
04/09/2025,Transport,53983.17,425
05/09/2025,Industrie,215111.25,329
05/09/2025,Residentiel,132375.07,439
05/09/2025,Tertiaire,107611.6,457
05/09/2025,Transport,66265.71,175
06/09/2025,Industrie,98187.52,127
06/09/2025,Residentiel,78442.74,53
06/09/2025,Tertiaire,53169.49,259
06/09/2025,Transport,53176.83,62
07/09/2025,Industrie,95840.93,169
07/09/2025,Residentiel,99014.12,327
07/09/2025,Tertiaire,74251.22,227
07/09/2025,Transport,57368.81,375
08/09/2025,Industrie,165251.28,479
08/09/2025,Residentiel,137095.73,405
08/09/2025,Tertiaire,131069.73,499
08/09/2025,Transport,52588.3,54
09/09/2025,Industrie,124738.55,221
09/09/2025,Residentiel,74879.76,50
09/09/2025,Tertiaire,102828.82,438
09/09/2025,Transport,37402.2,386
10/09/2025,Industrie,166596.51,242
10/09/2025,Residentiel,130495.52,484
10/09/2025,Tertiaire,93333.16,427
10/09/2025,Transport,65105.34,422
11/09/2025,Industrie,188002.43,207
11/09/2025,Residentiel,150692.78,103
11/09/2025,Tertiaire,72858.31,155
11/09/2025,Transport,51876.06,321
12/09/2025,Industrie,152184.26,171
12/09/2025,Residentiel,139924.6,264
12/09/2025,Tertiaire,106207.17,301
12/09/2025,Transport,65414.7,80
13/09/2025,Industrie,155824.04,122
13/09/2025,Residentiel,64208.91,414
13/09/2025,Tertiaire,84007.02,193
13/09/2025,Transport,54795.2,97
14/09/2025,Industrie,144537.67,72
14/09/2025,Residentiel,113934.22,168
14/09/2025,Tertiaire,42126.55,482
14/09/2025,Transport,37594.64,316
15/09/2025,Industrie,153529.08,261
15/09/2025,Residentiel,137315.5,408
15/09/2025,Tertiaire,71097.47,240
15/09/2025,Transport,69089.94,284
16/09/2025,Industrie,229339.3,432
16/09/2025,Residentiel,136684.87,93
16/09/2025,Tertiaire,95107.52,347
16/09/2025,Transport,48145.52,98
17/09/2025,Industrie,149513.37,308
17/09/2025,Residentiel,149990.85,118
17/09/2025,Tertiaire,104028.28,376
17/09/2025,Transport,59531.77,469
18/09/2025,Industrie,164955.26,251
18/09/2025,Residentiel,71380.61,88
18/09/2025,Tertiaire,70724.66,353
18/09/2025,Transport,82937.03,340
19/09/2025,Industrie,133903.6,81
19/09/2025,Residentiel,124547.52,272
19/09/2025,Tertiaire,108133.99,389
19/09/2025,Transport,44940.93,116
20/09/2025,Industrie,130654.7,171
20/09/2025,Residentiel,99756.98,199
20/09/2025,Tertiaire,63157.49,183
20/09/2025,Transport,66094.59,485
21/09/2025,Industrie,83951.3,211
21/09/2025,Residentiel,101786.64,460
21/09/2025,Tertiaire,60822.7,251
21/09/2025,Transport,48484.13,408
22/09/2025,Industrie,195887.06,475
22/09/2025,Residentiel,102404.25,426
22/09/2025,Tertiaire,94121.94,217
22/09/2025,Transport,37705.18,212
23/09/2025,Industrie,201716.91,281
23/09/2025,Residentiel,127155.8,189
23/09/2025,Tertiaire,101495.88,169
23/09/2025,Transport,72697.42,88
24/09/2025,Industrie,193234.31,153
24/09/2025,Residentiel,123554.15,119
24/09/2025,Tertiaire,74140.77,449
24/09/2025,Transport,51453.35,444
25/09/2025,Industrie,222722.45,349
25/09/2025,Residentiel,154472.05,105
25/09/2025,Tertiaire,85714.01,129
25/09/2025,Transport,60552.03,104
26/09/2025,Industrie,147433.88,134
26/09/2025,Residentiel,148146.16,280
26/09/2025,Tertiaire,101977.5,288
26/09/2025,Transport,83294.61,210
27/09/2025,Industrie,103866.26,258
27/09/2025,Residentiel,77649.47,111
27/09/2025,Tertiaire,65916.22,324
27/09/2025,Transport,47430.51,233
28/09/2025,Industrie,120565.18,444
28/09/2025,Residentiel,69334.25,156
28/09/2025,Tertiaire,74105.73,281
28/09/2025,Transport,48057.54,207
29/09/2025,Industrie,147014.13,287
29/09/2025,Residentiel,152530.63,185
29/09/2025,Tertiaire,111063.58,486
29/09/2025,Transport,61611.56,111
30/09/2025,Industrie,182865.52,96
30/09/2025,Residentiel,133297.39,130
30/09/2025,Tertiaire,74489.34,463
30/09/2025,Transport,60360.38,401
01/10/2025,Industrie,102514.19,205
01/10/2025,Residentiel,141034.94,473
01/10/2025,Tertiaire,61893.12,410
01/10/2025,Transport,78041.04,406
02/10/2025,Industrie,168115.68,358
02/10/2025,Residentiel,114919.99,70
02/10/2025,Tertiaire,78700.79,160
02/10/2025,Transport,56543.53,477
03/10/2025,Industrie,231067.13,488
03/10/2025,Residentiel,60292.59,217
03/10/2025,Tertiaire,112985.38,125
03/10/2025,Transport,64056.28,96
04/10/2025,Industrie,95583.05,414
04/10/2025,Residentiel,65934.75,177
04/10/2025,Tertiaire,84122.55,232
04/10/2025,Transport,34057.74,252
05/10/2025,Industrie,96935.57,312
05/10/2025,Residentiel,103106.88,75
05/10/2025,Tertiaire,67265.77,396
05/10/2025,Transport,34121.43,203
06/10/2025,Industrie,187798.5,183
06/10/2025,Residentiel,95381.94,469
06/10/2025,Tertiaire,109814.79,139
06/10/2025,Transport,72736.45,65
07/10/2025,Industrie,199152.22,257
07/10/2025,Residentiel,128679.87,487
07/10/2025,Tertiaire,121701.39,281
07/10/2025,Transport,59996.24,334
08/10/2025,Industrie,137452.53,433
08/10/2025,Residentiel,130787.37,331
08/10/2025,Tertiaire,127548.85,177
08/10/2025,Transport,47822.89,98
09/10/2025,Industrie,166987.34,286
09/10/2025,Residentiel,129994.7,102
09/10/2025,Tertiaire,89029.71,461
09/10/2025,Transport,48212.36,456
10/10/2025,Industrie,220386.88,121
10/10/2025,Residentiel,175680.98,112
10/10/2025,Tertiaire,93530.37,56
10/10/2025,Transport,49151.18,81
11/10/2025,Industrie,86966.19,475
11/10/2025,Residentiel,88334.0,449
11/10/2025,Tertiaire,76908.85,163
11/10/2025,Transport,45991.41,116
12/10/2025,Industrie,125939.42,151
12/10/2025,Residentiel,74100.24,471
12/10/2025,Tertiaire,49238.74,255
12/10/2025,Transport,49011.91,240
13/10/2025,Industrie,212895.78,401
13/10/2025,Residentiel,82902.49,372
13/10/2025,Tertiaire,118617.1,380
13/10/2025,Transport,66888.85,93
14/10/2025,Industrie,230385.41,348
14/10/2025,Residentiel,87788.93,350
14/10/2025,Tertiaire,65415.17,182
14/10/2025,Transport,58212.37,466
15/10/2025,Industrie,198100.24,88
15/10/2025,Residentiel,163112.66,61
15/10/2025,Tertiaire,102709.42,83
15/10/2025,Transport,57087.82,151
16/10/2025,Industrie,143050.71,380
16/10/2025,Residentiel,149520.01,277
16/10/2025,Tertiaire,72635.3,464
16/10/2025,Transport,79541.62,115
17/10/2025,Industrie,169762.15,97
17/10/2025,Residentiel,158173.97,483
17/10/2025,Tertiaire,102220.76,474
17/10/2025,Transport,58356.05,464
18/10/2025,Industrie,112911.21,219
18/10/2025,Residentiel,78272.75,112
18/10/2025,Tertiaire,68396.79,71
18/10/2025,Transport,42648.11,286
19/10/2025,Industrie,111035.95,75
19/10/2025,Residentiel,81217.39,136
19/10/2025,Tertiaire,63990.07,343
19/10/2025,Transport,24118.63,271
20/10/2025,Industrie,196494.05,470
20/10/2025,Residentiel,96486.69,420
20/10/2025,Tertiaire,69240.02,252
20/10/2025,Transport,39751.87,304
21/10/2025,Industrie,115419.87,65
21/10/2025,Residentiel,87469.26,245
21/10/2025,Tertiaire,77237.62,399
21/10/2025,Transport,83439.11,268
22/10/2025,Industrie,161068.33,138
22/10/2025,Residentiel,124266.0,231
22/10/2025,Tertiaire,97208.66,159
22/10/2025,Transport,61572.78,145
23/10/2025,Industrie,177212.04,190
23/10/2025,Residentiel,91312.95,193
23/10/2025,Tertiaire,116116.7,278
23/10/2025,Transport,81686.36,126
24/10/2025,Industrie,119424.29,67
24/10/2025,Residentiel,95423.31,364
24/10/2025,Tertiaire,84963.41,367
24/10/2025,Transport,48425.55,365
25/10/2025,Industrie,138750.33,175
25/10/2025,Residentiel,71765.03,381
25/10/2025,Tertiaire,90279.71,201
25/10/2025,Transport,52000.61,305
26/10/2025,Industrie,131356.87,260
26/10/2025,Residentiel,101253.37,331
26/10/2025,Tertiaire,76934.35,295
26/10/2025,Transport,37262.84,81
27/10/2025,Industrie,150616.18,94
27/10/2025,Residentiel,121875.43,193
27/10/2025,Tertiaire,105509.45,246
27/10/2025,Transport,61668.72,120
28/10/2025,Industrie,123228.13,264
28/10/2025,Residentiel,100732.21,152
28/10/2025,Tertiaire,88668.49,379
28/10/2025,Transport,59092.01,458
29/10/2025,Industrie,251011.52,319
29/10/2025,Residentiel,86736.29,177
29/10/2025,Tertiaire,99100.61,372
29/10/2025,Transport,77869.36,460
30/10/2025,Industrie,261772.19,328
30/10/2025,Residentiel,110294.46,456
30/10/2025,Tertiaire,98845.73,59
30/10/2025,Transport,66837.12,245
31/10/2025,Industrie,187037.34,450
31/10/2025,Residentiel,117627.72,415
31/10/2025,Tertiaire,97847.56,233
31/10/2025,Transport,29613.05,295
01/11/2025,Industrie,143188.15,328
01/11/2025,Residentiel,86119.79,450
01/11/2025,Tertiaire,60196.82,298
01/11/2025,Transport,59193.64,226
02/11/2025,Industrie,108991.66,339
02/11/2025,Residentiel,77228.32,307
02/11/2025,Tertiaire,88093.57,214
02/11/2025,Transport,35010.69,248
03/11/2025,Industrie,160195.85,188
03/11/2025,Residentiel,116471.39,142
03/11/2025,Tertiaire,105133.22,63
03/11/2025,Transport,62493.63,213
04/11/2025,Industrie,133465.49,355
04/11/2025,Residentiel,107227.95,162
04/11/2025,Tertiaire,79067.62,65
04/11/2025,Transport,59073.35,465
05/11/2025,Industrie,195330.37,448
05/11/2025,Residentiel,130036.94,193
05/11/2025,Tertiaire,58031.79,79
05/11/2025,Transport,72767.29,464
06/11/2025,Industrie,189092.48,291
06/11/2025,Residentiel,153228.77,321
06/11/2025,Tertiaire,97995.57,233
06/11/2025,Transport,73215.88,442
07/11/2025,Industrie,196795.63,349
07/11/2025,Residentiel,152309.42,169
07/11/2025,Tertiaire,99400.51,131
07/11/2025,Transport,58825.02,101
08/11/2025,Industrie,183265.35,176
08/11/2025,Residentiel,98935.82,386
08/11/2025,Tertiaire,70229.18,173
08/11/2025,Transport,31279.04,186
09/11/2025,Industrie,93534.65,323
09/11/2025,Residentiel,88917.62,467
09/11/2025,Tertiaire,64833.57,455
09/11/2025,Transport,36841.37,427
10/11/2025,Industrie,185075.38,78
10/11/2025,Residentiel,158127.05,441
10/11/2025,Tertiaire,102517.24,162
10/11/2025,Transport,46307.9,344
11/11/2025,Industrie,175985.68,483
11/11/2025,Residentiel,100680.8,458
11/11/2025,Tertiaire,83021.4,248
11/11/2025,Transport,55036.61,231
12/11/2025,Industrie,162804.76,479
12/11/2025,Residentiel,89876.75,482
12/11/2025,Tertiaire,87702.22,138
12/11/2025,Transport,53272.71,140
13/11/2025,Industrie,74539.85,171
13/11/2025,Residentiel,169271.33,353
13/11/2025,Tertiaire,109597.85,212
13/11/2025,Transport,55484.39,462
14/11/2025,Industrie,180677.49,427
14/11/2025,Residentiel,91880.3,407
14/11/2025,Tertiaire,120523.01,233
14/11/2025,Transport,82767.46,352
15/11/2025,Industrie,129948.68,64
15/11/2025,Residentiel,101195.31,410
15/11/2025,Tertiaire,65208.61,408
15/11/2025,Transport,30771.51,230
16/11/2025,Industrie,115622.05,340
16/11/2025,Residentiel,86216.39,338
16/11/2025,Tertiaire,57272.7,122
16/11/2025,Transport,40163.31,338
17/11/2025,Industrie,176709.62,146
17/11/2025,Residentiel,118058.92,478
17/11/2025,Tertiaire,90940.65,464
17/11/2025,Transport,47272.74,302
18/11/2025,Industrie,154187.42,327
18/11/2025,Residentiel,89169.98,208
18/11/2025,Tertiaire,107600.68,139
18/11/2025,Transport,34732.24,301
19/11/2025,Industrie,221529.25,69
19/11/2025,Residentiel,153272.39,96
19/11/2025,Tertiaire,84560.75,78
19/11/2025,Transport,28762.35,169
20/11/2025,Industrie,166992.82,358
20/11/2025,Residentiel,118459.58,162
20/11/2025,Tertiaire,71809.23,60
20/11/2025,Transport,53817.38,319
21/11/2025,Industrie,235087.03,294
21/11/2025,Residentiel,135958.25,50
21/11/2025,Tertiaire,73357.85,219
21/11/2025,Transport,40828.81,364
22/11/2025,Industrie,117759.16,153
22/11/2025,Residentiel,80413.93,462
22/11/2025,Tertiaire,69252.11,116
22/11/2025,Transport,37503.34,224
23/11/2025,Industrie,138889.79,417
23/11/2025,Residentiel,116510.59,140
23/11/2025,Tertiaire,73275.31,460
23/11/2025,Transport,41596.06,482
24/11/2025,Industrie,173406.58,494
24/11/2025,Residentiel,111439.84,215
24/11/2025,Tertiaire,111251.54,80
24/11/2025,Transport,52472.24,61
25/11/2025,Industrie,181628.02,125
25/11/2025,Residentiel,121228.75,350
25/11/2025,Tertiaire,80967.88,410
25/11/2025,Transport,43530.41,122
26/11/2025,Industrie,191627.08,446
26/11/2025,Residentiel,118535.9,106
26/11/2025,Tertiaire,99004.33,483
26/11/2025,Transport,53596.8,319
27/11/2025,Industrie,223949.57,490
27/11/2025,Residentiel,98957.43,236
27/11/2025,Tertiaire,120816.73,87
27/11/2025,Transport,39028.36,241
28/11/2025,Industrie,195651.72,410
28/11/2025,Residentiel,131410.34,389
28/11/2025,Tertiaire,75679.97,252
28/11/2025,Transport,65092.73,350
29/11/2025,Industrie,158243.87,101
29/11/2025,Residentiel,46757.44,222
29/11/2025,Tertiaire,69334.58,204
29/11/2025,Transport,21056.53,215
30/11/2025,Industrie,101665.25,119
30/11/2025,Residentiel,111369.99,130
30/11/2025,Tertiaire,55669.55,424
30/11/2025,Transport,32139.41,273
01/12/2025,Industrie,172874.24,455
01/12/2025,Residentiel,169629.75,377
01/12/2025,Tertiaire,57029.72,299
01/12/2025,Transport,47384.28,382
02/12/2025,Industrie,233907.54,212
02/12/2025,Residentiel,164584.86,139
02/12/2025,Tertiaire,88138.24,412
02/12/2025,Transport,45131.37,337
03/12/2025,Industrie,255450.37,405
03/12/2025,Residentiel,158266.62,364
03/12/2025,Tertiaire,102221.05,452
03/12/2025,Transport,50251.17,232
04/12/2025,Industrie,178234.94,164
04/12/2025,Residentiel,116151.36,390
04/12/2025,Tertiaire,95955.32,351
04/12/2025,Transport,77412.02,467
05/12/2025,Industrie,211659.01,139
05/12/2025,Residentiel,94142.97,243
05/12/2025,Tertiaire,114776.94,207
05/12/2025,Transport,63757.59,425
06/12/2025,Industrie,143314.06,402
06/12/2025,Residentiel,108637.89,200
06/12/2025,Tertiaire,48994.09,115
06/12/2025,Transport,41699.07,140
07/12/2025,Industrie,112607.35,423
07/12/2025,Residentiel,57659.96,50
07/12/2025,Tertiaire,67368.55,409
07/12/2025,Transport,63097.08,343
08/12/2025,Industrie,113757.2,250
08/12/2025,Residentiel,119225.27,485
08/12/2025,Tertiaire,101529.77,444
08/12/2025,Transport,61476.94,340
09/12/2025,Industrie,175927.39,66
09/12/2025,Residentiel,88818.81,143
09/12/2025,Tertiaire,94190.16,358
09/12/2025,Transport,50918.83,212
10/12/2025,Industrie,101162.82,464
10/12/2025,Residentiel,148670.21,363
10/12/2025,Tertiaire,107250.94,163
10/12/2025,Transport,60619.93,377
11/12/2025,Industrie,188246.69,339
11/12/2025,Residentiel,145783.63,103
11/12/2025,Tertiaire,94038.11,304
11/12/2025,Transport,70848.21,122
12/12/2025,Industrie,169290.64,219
12/12/2025,Residentiel,151487.61,431
12/12/2025,Tertiaire,95774.14,89
12/12/2025,Transport,62328.62,171
13/12/2025,Industrie,93994.46,227
13/12/2025,Residentiel,88820.86,213
13/12/2025,Tertiaire,52517.37,135
13/12/2025,Transport,36638.43,375
14/12/2025,Industrie,105452.53,95
14/12/2025,Residentiel,66087.25,470
14/12/2025,Tertiaire,89772.12,412
14/12/2025,Transport,53183.25,393
15/12/2025,Industrie,249133.23,377
15/12/2025,Residentiel,90650.52,423
15/12/2025,Tertiaire,91282.57,221
15/12/2025,Transport,44477.91,278
16/12/2025,Industrie,154954.98,55
16/12/2025,Residentiel,97964.95,185
16/12/2025,Tertiaire,112312.51,157
16/12/2025,Transport,55245.24,177
17/12/2025,Industrie,218461.66,404
17/12/2025,Residentiel,134498.9,84
17/12/2025,Tertiaire,131465.5,229
17/12/2025,Transport,42246.67,181
18/12/2025,Industrie,225332.4,452
18/12/2025,Residentiel,147514.58,105
18/12/2025,Tertiaire,72479.18,418
18/12/2025,Transport,72085.6,50
19/12/2025,Industrie,192101.22,74
19/12/2025,Residentiel,114540.57,247
19/12/2025,Tertiaire,75169.16,274
19/12/2025,Transport,51370.69,425
20/12/2025,Industrie,177655.26,264
20/12/2025,Residentiel,84011.47,135
20/12/2025,Tertiaire,72854.84,261
20/12/2025,Transport,35356.45,302
21/12/2025,Industrie,106347.71,243
21/12/2025,Residentiel,102177.34,229
21/12/2025,Tertiaire,45995.34,329
21/12/2025,Transport,38512.2,242
22/12/2025,Industrie,181224.99,101
22/12/2025,Residentiel,122672.94,474
22/12/2025,Tertiaire,86776.32,295
22/12/2025,Transport,64749.84,453
23/12/2025,Industrie,204942.81,492
23/12/2025,Residentiel,137631.3,345
23/12/2025,Tertiaire,72255.53,383
23/12/2025,Transport,56590.14,438
24/12/2025,Industrie,223011.46,401
24/12/2025,Residentiel,141471.53,165
24/12/2025,Tertiaire,65288.53,133
24/12/2025,Transport,64217.76,281
25/12/2025,Industrie,108783.89,87
25/12/2025,Residentiel,121126.44,459
25/12/2025,Tertiaire,124159.81,483
25/12/2025,Transport,48625.29,67
26/12/2025,Industrie,149964.37,200
26/12/2025,Residentiel,138336.71,60
26/12/2025,Tertiaire,62229.57,213
26/12/2025,Transport,52406.94,183
27/12/2025,Industrie,141030.32,103
27/12/2025,Residentiel,73344.0,87
27/12/2025,Tertiaire,60026.78,225
27/12/2025,Transport,48251.16,137
28/12/2025,Industrie,136622.96,242
28/12/2025,Residentiel,88482.55,132
28/12/2025,Tertiaire,58727.06,424
28/12/2025,Transport,45108.51,88
29/12/2025,Industrie,175545.62,330
29/12/2025,Residentiel,130987.33,97
29/12/2025,Tertiaire,81055.22,223
29/12/2025,Transport,57809.17,354
30/12/2025,Industrie,144361.52,364
30/12/2025,Residentiel,119159.82,297
30/12/2025,Tertiaire,75401.98,410
30/12/2025,Transport,46631.44,65
31/12/2025,Industrie,189311.8,270
31/12/2025,Residentiel,125105.75,384
31/12/2025,Tertiaire,104091.73,134
31/12/2025,Transport,54826.49,360
