date,source_energie,production_kwh,capacite_installee_kwh,cout_production_eur
2025-01-01,Solaire,13107.75,50000,1048.62
2025-01-01,Eolien,15638.58,80000,1094.7
2025-01-01,Hydro,91772.26,120000,5506.34
2025-01-01,Gaz naturel,170460.6,200000,17046.06
2025-01-01,Charbon,101487.7,150000,9133.89
2025-01-01,Nucleaire,202975.89,300000,10148.79
2025-01-02,Solaire,18790.87,50000,1503.27
2025-01-02,Eolien,23246.45,80000,1627.25
2025-01-02,Hydro,78366.31,120000,4701.98
2025-01-02,Gaz naturel,150851.2,200000,15085.12
2025-01-02,Charbon,98048.73,150000,8824.39
2025-01-02,Nucleaire,196028.11,300000,9801.41
2025-01-03,Solaire,11770.3,50000,941.62
2025-01-03,Eolien,728.45,80000,50.99
2025-01-03,Hydro,63300.99,120000,3798.06
2025-01-03,Gaz naturel,128754.25,200000,12875.42
2025-01-03,Charbon,89807.53,150000,8082.68
2025-01-03,Nucleaire,219427.42,300000,10971.37
2025-01-04,Solaire,5732.87,50000,458.63
2025-01-04,Eolien,,80000,
2025-01-04,Hydro,101587.79,120000,6095.27
2025-01-04,Gaz naturel,135484.47,200000,13548.45
2025-01-04,Charbon,106012.92,150000,9541.16
2025-01-04,Nucleaire,167257.55,300000,8362.88
2025-01-05,Solaire,7641.99,50000,611.36
2025-01-05,Eolien,17731.75,80000,1241.22
2025-01-05,Hydro,70188.08,120000,4211.28
2025-01-05,Gaz naturel,147513.96,200000,14751.4
2025-01-05,Charbon,95990.42,150000,8639.14
2025-01-05,Nucleaire,201249.19,300000,10062.46
2025-01-06,Solaire,7341.04,50000,587.28
2025-01-06,Eolien,32359.14,80000,2265.14
2025-01-06,Hydro,83838.03,120000,5030.28
2025-01-06,Gaz naturel,118845.78,200000,11884.58
2025-01-06,Charbon,117338.17,150000,10560.44
2025-01-06,Nucleaire,173374.69,300000,8668.73
2025-01-07,Solaire,11596.53,50000,927.72
2025-01-07,Eolien,338.77,80000,23.71
2025-01-07,Hydro,68061.77,120000,4083.71
2025-01-07,Gaz naturel,143937.22,200000,14393.72
2025-01-07,Charbon,116077.0,150000,10446.93
2025-01-07,Nucleaire,215141.05,300000,10757.05
2025-01-08,Solaire,9892.85,50000,791.43
2025-01-08,Eolien,14270.73,80000,998.95
2025-01-08,Hydro,66257.74,120000,3975.46
2025-01-08,Gaz naturel,125603.12,200000,12560.31
2025-01-08,Charbon,98090.42,150000,8828.14
2025-01-08,Nucleaire,241713.67,300000,12085.68
2025-01-09,Solaire,12304.0,50000,984.32
2025-01-09,Eolien,1990.46,80000,139.33
2025-01-09,Hydro,87889.01,120000,5273.34
2025-01-09,Gaz naturel,132298.35,200000,13229.84
2025-01-09,Charbon,94846.17,150000,8536.16
2025-01-09,Nucleaire,228350.29,300000,11417.51
2025-01-10,Solaire,15912.75,50000,1273.02
2025-01-10,Eolien,24622.75,80000,1723.59
2025-01-10,Hydro,73929.39,120000,4435.76
2025-01-10,Gaz naturel,133815.75,200000,13381.58
2025-01-10,Charbon,109968.95,150000,9897.21
2025-01-10,Nucleaire,239266.35,300000,11963.32
2025-01-11,Solaire,7984.34,50000,638.75
2025-01-11,Eolien,15240.46,80000,1066.83
2025-01-11,Hydro,70723.98,120000,4243.44
2025-01-11,Gaz naturel,116075.87,200000,11607.59
2025-01-11,Charbon,117187.89,150000,10546.91
2025-01-11,Nucleaire,250687.2,300000,12534.36
2025-01-12,Solaire,10121.95,50000,809.76
2025-01-12,Eolien,25229.68,80000,1766.08
2025-01-12,Hydro,88339.63,120000,5300.38
2025-01-12,Gaz naturel,127097.6,200000,12709.76
2025-01-12,Charbon,110420.93,150000,9937.88
2025-01-12,Nucleaire,256141.1,300000,12807.05
2025-01-13,Solaire,10311.91,50000,824.95
2025-01-13,Eolien,29943.01,80000,2096.01
2025-01-13,Hydro,52563.06,120000,3153.78
2025-01-13,Gaz naturel,156438.05,200000,15643.81
2025-01-13,Charbon,106305.71,150000,9567.51
2025-01-13,Nucleaire,201029.78,300000,10051.49
2025-01-14,Solaire,10981.74,50000,878.54
2025-01-14,Eolien,104.42,80000,7.31
2025-01-14,Hydro,81363.94,120000,4881.84
2025-01-14,Gaz naturel,147142.25,200000,14714.23
2025-01-14,Charbon,127168.41,150000,11445.16
2025-01-14,Nucleaire,194451.89,300000,9722.59
2025-01-15,Solaire,6255.41,50000,500.43
2025-01-15,Eolien,12585.24,80000,880.97
2025-01-15,Hydro,94984.83,120000,5699.09
2025-01-15,Gaz naturel,146575.02,200000,14657.5
2025-01-15,Charbon,97053.6,150000,8734.82
2025-01-15,Nucleaire,225398.02,300000,11269.9
2025-01-16,Solaire,11009.66,50000,880.77
2025-01-16,Eolien,24936.62,80000,1745.56
2025-01-16,Hydro,75575.36,120000,4534.52
2025-01-16,Gaz naturel,133446.76,200000,13344.68
2025-01-16,Charbon,99118.38,150000,8920.65
2025-01-16,Nucleaire,166094.55,300000,8304.73
2025-01-17,Solaire,12054.63,50000,964.37
2025-01-17,Eolien,18992.86,80000,1329.5
2025-01-17,Hydro,84061.36,120000,5043.68
2025-01-17,Gaz naturel,135308.26,200000,13530.83
2025-01-17,Charbon,,150000,
2025-01-17,Nucleaire,197380.64,300000,9869.03
2025-01-18,Solaire,8700.75,50000,696.06
2025-01-18,Eolien,10060.87,80000,704.26
2025-01-18,Hydro,82064.57,120000,4923.87
2025-01-18,Gaz naturel,148081.02,200000,14808.1
2025-01-18,Charbon,133292.79,150000,11996.35
2025-01-18,Nucleaire,215237.33,300000,10761.87
2025-01-19,Solaire,11852.14,50000,948.17
2025-01-19,Eolien,16174.65,80000,1132.23
2025-01-19,Hydro,60974.75,120000,3658.48
2025-01-19,Gaz naturel,139469.72,200000,13946.97
2025-01-19,Charbon,105903.45,150000,9531.31
2025-01-19,Nucleaire,283897.26,300000,14194.86
2025-01-20,Solaire,9490.1,50000,759.21
2025-01-20,Eolien,19333.0,80000,1353.31
2025-01-20,Hydro,83583.46,120000,5015.01
2025-01-20,Gaz naturel,116626.44,200000,11662.64
2025-01-20,Charbon,122142.34,150000,10992.81
2025-01-20,Nucleaire,232557.99,300000,11627.9
2025-01-21,Solaire,14652.92,50000,1172.23
2025-01-21,Eolien,9161.15,80000,641.28
2025-01-21,Hydro,100833.53,120000,6050.01
2025-01-21,Gaz naturel,111962.98,200000,11196.3
2025-01-21,Charbon,,150000,
2025-01-21,Nucleaire,275713.67,300000,13785.68
2025-01-22,Solaire,,50000,
2025-01-22,Eolien,12043.1,80000,843.02
2025-01-22,Hydro,85195.82,120000,5111.75
2025-01-22,Gaz naturel,129930.49,200000,12993.05
2025-01-22,Charbon,81740.05,150000,7356.6
2025-01-22,Nucleaire,212056.89,300000,10602.84
2025-01-23,Solaire,4922.91,50000,393.83
2025-01-23,Eolien,20778.18,80000,1454.47
2025-01-23,Hydro,72966.91,120000,4378.01
2025-01-23,Gaz naturel,170998.69,200000,17099.87
2025-01-23,Charbon,93251.2,150000,8392.61
2025-01-23,Nucleaire,200338.15,300000,10016.91
2025-01-24,Solaire,14770.97,50000,1181.68
2025-01-24,Eolien,6460.74,80000,452.25
2025-01-24,Hydro,86729.52,120000,5203.77
2025-01-24,Gaz naturel,166142.86,200000,16614.29
2025-01-24,Charbon,80887.75,150000,7279.9
2025-01-24,Nucleaire,215539.02,300000,10776.95
2025-01-25,Solaire,11864.38,50000,949.15
2025-01-25,Eolien,23367.31,80000,1635.71
2025-01-25,Hydro,69156.59,120000,4149.4
2025-01-25,Gaz naturel,113590.87,200000,11359.09
2025-01-25,Charbon,112829.12,150000,10154.62
2025-01-25,Nucleaire,218909.54,300000,10945.48
2025-01-26,Solaire,11815.09,50000,945.21
2025-01-26,Eolien,19710.16,80000,1379.71
2025-01-26,Hydro,75839.7,120000,4550.38
2025-01-26,Gaz naturel,144645.07,200000,14464.51
2025-01-26,Charbon,109396.09,150000,9845.65
2025-01-26,Nucleaire,188569.46,300000,9428.47
2025-01-27,Solaire,20295.32,50000,1623.63
2025-01-27,Eolien,20780.2,80000,1454.61
2025-01-27,Hydro,69704.36,120000,4182.26
2025-01-27,Gaz naturel,153131.07,200000,15313.11
2025-01-27,Charbon,90379.77,150000,8134.18
2025-01-27,Nucleaire,233612.54,300000,11680.63
2025-01-28,Solaire,16582.63,50000,1326.61
2025-01-28,Eolien,9906.27,80000,693.44
2025-01-28,Hydro,95560.51,120000,5733.63
2025-01-28,Gaz naturel,148255.62,200000,14825.56
2025-01-28,Charbon,117330.9,150000,10559.78
2025-01-28,Nucleaire,266903.79,300000,13345.19
2025-01-29,Solaire,9211.71,50000,736.94
2025-01-29,Eolien,10468.62,80000,732.8
2025-01-29,Hydro,73325.83,120000,4399.55
2025-01-29,Gaz naturel,123683.79,200000,12368.38
2025-01-29,Charbon,103843.47,150000,9345.91
2025-01-29,Nucleaire,220234.56,300000,11011.73
2025-01-30,Solaire,11952.63,50000,956.21
2025-01-30,Eolien,23748.34,80000,1662.38
2025-01-30,Hydro,84156.02,120000,5049.36
2025-01-30,Gaz naturel,169070.68,200000,16907.07
2025-01-30,Charbon,101030.15,150000,9092.71
2025-01-30,Nucleaire,291605.07,300000,14580.25
2025-01-31,Solaire,13784.75,50000,1102.78
2025-01-31,Eolien,9599.88,80000,671.99
2025-01-31,Hydro,71149.29,120000,4268.96
2025-01-31,Gaz naturel,149649.45,200000,14964.94
2025-01-31,Charbon,101648.06,150000,9148.33
2025-01-31,Nucleaire,231420.01,300000,11571.0
2025-02-01,Solaire,12984.5,50000,1038.76
2025-02-01,Eolien,16188.24,80000,1133.18
2025-02-01,Hydro,73838.48,120000,4430.31
2025-02-01,Gaz naturel,109703.06,200000,10970.31
2025-02-01,Charbon,98302.28,150000,8847.2
2025-02-01,Nucleaire,235691.96,300000,11784.6
2025-02-02,Solaire,11623.99,50000,929.92
2025-02-02,Eolien,6335.79,80000,443.51
2025-02-02,Hydro,86078.17,120000,5164.69
2025-02-02,Gaz naturel,147706.35,200000,14770.63
2025-02-02,Charbon,91742.14,150000,8256.79
2025-02-02,Nucleaire,214611.75,300000,10730.59
2025-02-03,Solaire,10805.6,50000,864.45
2025-02-03,Eolien,7199.05,80000,503.93
2025-02-03,Hydro,88293.45,120000,5297.61
2025-02-03,Gaz naturel,151215.69,200000,15121.57
2025-02-03,Charbon,121245.77,150000,10912.12
2025-02-03,Nucleaire,241614.06,300000,12080.7
2025-02-04,Solaire,3267.24,50000,261.38
2025-02-04,Eolien,8922.27,80000,624.56
2025-02-04,Hydro,90180.42,120000,5410.83
2025-02-04,Gaz naturel,150275.72,200000,15027.57
2025-02-04,Charbon,112725.72,150000,10145.31
2025-02-04,Nucleaire,325581.94,300000,16279.1
2025-02-05,Solaire,13497.18,50000,1079.77
2025-02-05,Eolien,26338.75,80000,1843.71
2025-02-05,Hydro,95448.02,120000,5726.88
2025-02-05,Gaz naturel,153027.83,200000,15302.78
2025-02-05,Charbon,100270.96,150000,9024.39
2025-02-05,Nucleaire,232769.08,300000,11638.45
2025-02-06,Solaire,6442.67,50000,515.41
2025-02-06,Eolien,14810.72,80000,1036.75
2025-02-06,Hydro,78175.64,120000,4690.54
2025-02-06,Gaz naturel,-999.0,200000,14163.75
2025-02-06,Charbon,139719.88,150000,12574.79
2025-02-06,Nucleaire,153982.04,300000,7699.1
2025-02-07,Solaire,14102.87,50000,1128.23
2025-02-07,Eolien,3253.19,80000,227.72
2025-02-07,Hydro,78336.82,120000,4700.21
2025-02-07,Gaz naturel,161779.01,200000,16177.9
2025-02-07,Charbon,105964.2,150000,9536.78
2025-02-07,Nucleaire,177667.66,300000,8883.38
2025-02-08,Solaire,6744.66,50000,539.57
2025-02-08,Eolien,22508.62,80000,1575.6
2025-02-08,Hydro,75235.6,120000,4514.14
2025-02-08,Gaz naturel,144329.17,200000,14432.92
2025-02-08,Charbon,105683.58,150000,9511.52
2025-02-08,Nucleaire,190451.99,300000,9522.6
2025-02-09,Solaire,21755.71,50000,1740.46
2025-02-09,Eolien,22124.92,80000,1548.74
2025-02-09,Hydro,59698.29,120000,3581.9
2025-02-09,Gaz naturel,143729.09,200000,14372.91
2025-02-09,Charbon,95073.2,150000,8556.59
2025-02-09,Nucleaire,235573.0,300000,11778.65
2025-02-10,Solaire,6339.27,50000,507.14
2025-02-10,Eolien,15836.21,80000,1108.53
2025-02-10,Hydro,90059.85,120000,5403.59
2025-02-10,Gaz naturel,157315.1,200000,15731.51
2025-02-10,Charbon,86995.55,150000,7829.6
2025-02-10,Nucleaire,199964.96,300000,9998.25
2025-02-11,Solaire,8006.54,50000,640.52
2025-02-11,Eolien,11312.03,80000,791.84
2025-02-11,Hydro,105185.45,120000,6311.13
2025-02-11,Gaz naturel,148099.63,200000,14809.96
2025-02-11,Charbon,86086.74,150000,7747.81
2025-02-11,Nucleaire,237535.86,300000,11876.79
2025-02-12,Solaire,21641.32,50000,1731.31
2025-02-12,Eolien,25472.71,80000,1783.09
2025-02-12,Hydro,65767.56,120000,3946.05
2025-02-12,Gaz naturel,130315.32,200000,13031.53
2025-02-12,Charbon,124003.67,150000,11160.33
2025-02-12,Nucleaire,188769.92,300000,9438.5
2025-02-13,Solaire,12830.05,50000,1026.4
2025-02-13,Eolien,23306.93,80000,1631.48
2025-02-13,Hydro,72876.83,120000,4372.61
2025-02-13,Gaz naturel,138809.49,200000,13880.95
2025-02-13,Charbon,56380.99,150000,5074.29
2025-02-13,Nucleaire,179268.37,300000,8963.42
2025-02-14,Solaire,9174.02,50000,733.92
2025-02-14,Eolien,6318.62,80000,442.3
2025-02-14,Hydro,103588.94,120000,6215.34
2025-02-14,Gaz naturel,111397.17,200000,11139.72
2025-02-14,Charbon,98399.33,150000,8855.94
2025-02-14,Nucleaire,,300000,
2025-02-15,Solaire,18066.68,50000,1445.33
2025-02-15,Eolien,4738.76,80000,331.71
2025-02-15,Hydro,97957.97,120000,5877.48
2025-02-15,Gaz naturel,140204.66,200000,14020.47
2025-02-15,Charbon,90277.37,150000,8124.96
2025-02-15,Nucleaire,223863.1,300000,11193.16
2025-02-16,Solaire,11545.06,50000,923.61
2025-02-16,Eolien,11758.18,80000,823.07
2025-02-16,Hydro,84837.63,120000,5090.26
2025-02-16,Gaz naturel,132293.73,200000,13229.37
2025-02-16,Charbon,106702.76,150000,9603.25
2025-02-16,Nucleaire,229863.92,300000,11493.2
2025-02-17,Solaire,18826.59,50000,1506.13
2025-02-17,Eolien,6402.35,80000,448.16
2025-02-17,Hydro,109596.4,120000,6575.78
2025-02-17,Gaz naturel,100958.24,200000,10095.82
2025-02-17,Charbon,102723.22,150000,9245.09
2025-02-17,Nucleaire,227649.52,300000,11382.48
2025-02-18,Solaire,11975.21,50000,958.02
2025-02-18,Eolien,11569.32,80000,809.85
2025-02-18,Hydro,,120000,
2025-02-18,Gaz naturel,130139.98,200000,13014.0
2025-02-18,Charbon,96159.53,150000,8654.36
2025-02-18,Nucleaire,235488.06,300000,11774.4
2025-02-19,Solaire,12374.33,50000,989.95
2025-02-19,Eolien,10979.56,80000,768.57
2025-02-19,Hydro,94795.2,120000,5687.71
2025-02-19,Gaz naturel,,200000,
2025-02-19,Charbon,117192.93,150000,10547.36
2025-02-19,Nucleaire,228888.87,300000,11444.44
2025-02-20,Solaire,6147.78,50000,491.82
2025-02-20,Eolien,12094.48,80000,846.61
2025-02-20,Hydro,92967.52,120000,5578.05
2025-02-20,Gaz naturel,152207.41,200000,15220.74
2025-02-20,Charbon,104686.48,150000,9421.78
2025-02-20,Nucleaire,213519.82,300000,10675.99
2025-02-21,Solaire,17207.74,50000,1376.62
2025-02-21,Eolien,11830.8,80000,828.16
2025-02-21,Hydro,90565.17,120000,5433.91
2025-02-21,Gaz naturel,135956.15,200000,13595.61
2025-02-21,Charbon,101734.78,150000,9156.13
2025-02-21,Nucleaire,-999.0,300000,12148.17
2025-02-22,Solaire,14833.44,50000,1186.67
2025-02-22,Eolien,23633.48,80000,1654.34
2025-02-22,Hydro,99665.75,120000,5979.94
2025-02-22,Gaz naturel,140420.08,200000,14042.01
2025-02-22,Charbon,115229.29,150000,10370.64
2025-02-22,Nucleaire,200692.0,300000,10034.6
2025-02-23,Solaire,12201.87,50000,976.15
2025-02-23,Eolien,15706.8,80000,1099.48
2025-02-23,Hydro,85163.95,120000,5109.84
2025-02-23,Gaz naturel,-999.0,200000,15190.31
2025-02-23,Charbon,92726.69,150000,8345.4
2025-02-23,Nucleaire,272771.62,300000,13638.58
2025-02-24,Solaire,5218.41,50000,417.47
2025-02-24,Eolien,6600.82,80000,462.06
2025-02-24,Hydro,97897.33,120000,5873.84
2025-02-24,Gaz naturel,155833.25,200000,15583.33
2025-02-24,Charbon,114361.8,150000,10292.56
2025-02-24,Nucleaire,228850.37,300000,11442.52
2025-02-25,Solaire,10435.7,50000,834.86
2025-02-25,Eolien,9263.06,80000,648.41
2025-02-25,Hydro,84909.65,120000,5094.58
2025-02-25,Gaz naturel,126456.77,200000,12645.68
2025-02-25,Charbon,119626.8,150000,10766.41
2025-02-25,Nucleaire,205588.28,300000,10279.41
2025-02-26,Solaire,6166.14,50000,493.29
2025-02-26,Eolien,14100.36,80000,987.03
2025-02-26,Hydro,88955.18,120000,5337.31
2025-02-26,Gaz naturel,128725.51,200000,12872.55
2025-02-26,Charbon,92666.69,150000,8340.0
2025-02-26,Nucleaire,217310.62,300000,10865.53
2025-02-27,Solaire,11786.07,50000,942.89
2025-02-27,Eolien,12541.68,80000,877.92
2025-02-27,Hydro,78347.54,120000,4700.85
2025-02-27,Gaz naturel,144641.0,200000,14464.1
2025-02-27,Charbon,83278.73,150000,7495.09
2025-02-27,Nucleaire,167776.09,300000,8388.8
2025-02-28,Solaire,6728.17,50000,538.25
2025-02-28,Eolien,15007.04,80000,1050.49
2025-02-28,Hydro,87730.89,120000,5263.85
2025-02-28,Gaz naturel,169507.12,200000,16950.71
2025-02-28,Charbon,117864.89,150000,10607.84
2025-02-28,Nucleaire,205201.84,300000,10260.09
2025-03-01,Solaire,10400.16,50000,832.01
2025-03-01,Eolien,8378.75,80000,586.51
2025-03-01,Hydro,83777.84,120000,5026.67
2025-03-01,Gaz naturel,134226.83,200000,13422.68
2025-03-01,Charbon,109840.78,150000,9885.67
2025-03-01,Nucleaire,185183.07,300000,9259.15
2025-03-02,Solaire,13226.57,50000,1058.13
2025-03-02,Eolien,29675.01,80000,2077.25
2025-03-02,Hydro,82694.88,120000,4961.69
2025-03-02,Gaz naturel,148034.23,200000,14803.42
2025-03-02,Charbon,115352.16,150000,10381.69
2025-03-02,Nucleaire,197963.39,300000,9898.17
2025-03-03,Solaire,11676.49,50000,934.12
2025-03-03,Eolien,16905.78,80000,1183.4
2025-03-03,Hydro,,120000,
2025-03-03,Gaz naturel,124539.8,200000,12453.98
2025-03-03,Charbon,105367.65,150000,9483.09
2025-03-03,Nucleaire,224939.95,300000,11247.0
2025-03-04,Solaire,18118.5,50000,1449.48
2025-03-04,Eolien,24857.87,80000,1740.05
2025-03-04,Hydro,109838.19,120000,6590.29
2025-03-04,Gaz naturel,124653.05,200000,12465.3
2025-03-04,Charbon,118084.81,150000,10627.63
2025-03-04,Nucleaire,215500.26,300000,10775.01
2025-03-05,Solaire,21996.47,50000,1759.72
2025-03-05,Eolien,10010.29,80000,700.72
2025-03-05,Hydro,73923.34,120000,4435.4
2025-03-05,Gaz naturel,128012.15,200000,12801.21
2025-03-05,Charbon,73141.56,150000,6582.74
2025-03-05,Nucleaire,194227.35,300000,9711.37
2025-03-06,Solaire,6514.55,50000,521.16
2025-03-06,Eolien,18063.31,80000,1264.43
2025-03-06,Hydro,88101.07,120000,5286.06
2025-03-06,Gaz naturel,177523.42,200000,17752.34
2025-03-06,Charbon,119256.36,150000,10733.07
2025-03-06,Nucleaire,192692.89,300000,9634.64
2025-03-07,Solaire,5783.32,50000,462.67
2025-03-07,Eolien,20932.12,80000,1465.25
2025-03-07,Hydro,68157.2,120000,4089.43
2025-03-07,Gaz naturel,176629.18,200000,17662.92
2025-03-07,Charbon,,150000,
2025-03-07,Nucleaire,195924.73,300000,9796.24
2025-03-08,Solaire,1506.04,50000,120.48
2025-03-08,Eolien,28172.53,80000,1972.08
2025-03-08,Hydro,82625.52,120000,4957.53
2025-03-08,Gaz naturel,164756.33,200000,16475.63
2025-03-08,Charbon,-999.0,150000,7297.52
2025-03-08,Nucleaire,192018.75,300000,9600.94
2025-03-09,Solaire,10527.53,50000,842.2
2025-03-09,Eolien,17194.64,80000,1203.62
2025-03-09,Hydro,78599.21,120000,4715.95
2025-03-09,Gaz naturel,152457.0,200000,15245.7
2025-03-09,Charbon,88985.69,150000,8008.71
2025-03-09,Nucleaire,205728.62,300000,10286.43
2025-03-10,Solaire,11131.55,50000,890.52
2025-03-10,Eolien,21121.29,80000,1478.49
2025-03-10,Hydro,92539.38,120000,5552.36
2025-03-10,Gaz naturel,117507.16,200000,11750.72
2025-03-10,Charbon,81988.29,150000,7378.95
2025-03-10,Nucleaire,248330.3,300000,12416.52
2025-03-11,Solaire,12244.65,50000,979.57
2025-03-11,Eolien,10512.71,80000,735.89
2025-03-11,Hydro,102613.82,120000,6156.83
2025-03-11,Gaz naturel,142313.49,200000,14231.35
2025-03-11,Charbon,122689.46,150000,11042.05
2025-03-11,Nucleaire,212025.55,300000,10601.28
2025-03-12,Solaire,21318.93,50000,1705.51
2025-03-12,Eolien,31544.86,80000,2208.14
2025-03-12,Hydro,81012.43,120000,4860.75
2025-03-12,Gaz naturel,159431.42,200000,15943.14
2025-03-12,Charbon,114680.64,150000,10321.26
2025-03-12,Nucleaire,251058.95,300000,12552.95
2025-03-13,Solaire,5434.15,50000,434.73
2025-03-13,Eolien,,80000,
2025-03-13,Hydro,96701.09,120000,5802.07
2025-03-13,Gaz naturel,104825.21,200000,10482.52
2025-03-13,Charbon,87251.12,150000,7852.6
2025-03-13,Nucleaire,148823.03,300000,7441.15
2025-03-14,Solaire,9085.61,50000,726.85
2025-03-14,Eolien,22827.35,80000,1597.91
2025-03-14,Hydro,102028.28,120000,6121.7
2025-03-14,Gaz naturel,141481.9,200000,14148.19
2025-03-14,Charbon,129429.23,150000,11648.63
2025-03-14,Nucleaire,168596.96,300000,8429.85
2025-03-15,Solaire,1557.24,50000,124.58
2025-03-15,Eolien,16333.4,80000,1143.34
2025-03-15,Hydro,88608.79,120000,5316.53
2025-03-15,Gaz naturel,139346.11,200000,13934.61
2025-03-15,Charbon,73988.37,150000,6658.95
2025-03-15,Nucleaire,207326.4,300000,10366.32
2025-03-16,Solaire,3651.54,50000,292.12
2025-03-16,Eolien,22425.25,80000,1569.77
2025-03-16,Hydro,88399.18,120000,5303.95
2025-03-16,Gaz naturel,121202.4,200000,12120.24
2025-03-16,Charbon,97292.0,150000,8756.28
2025-03-16,Nucleaire,178223.59,300000,8911.18
2025-03-17,Solaire,10170.93,50000,813.67
2025-03-17,Eolien,24823.2,80000,1737.62
2025-03-17,Hydro,72171.29,120000,4330.28
2025-03-17,Gaz naturel,150080.93,200000,15008.09
2025-03-17,Charbon,97046.14,150000,8734.15
2025-03-17,Nucleaire,186213.82,300000,9310.69
2025-03-18,Solaire,9938.09,50000,795.05
2025-03-18,Eolien,8103.96,80000,567.28
2025-03-18,Hydro,77356.21,120000,4641.37
2025-03-18,Gaz naturel,116042.44,200000,11604.24
2025-03-18,Charbon,134470.88,150000,12102.38
2025-03-18,Nucleaire,211057.91,300000,10552.9
2025-03-19,Solaire,6826.44,50000,546.12
2025-03-19,Eolien,18597.43,80000,1301.82
2025-03-19,Hydro,82652.06,120000,4959.12
2025-03-19,Gaz naturel,135580.61,200000,13558.06
2025-03-19,Charbon,114212.5,150000,10279.13
2025-03-19,Nucleaire,232725.23,300000,11636.26
2025-03-20,Solaire,7714.87,50000,617.19
2025-03-20,Eolien,11963.13,80000,837.42
2025-03-20,Hydro,80699.38,120000,4841.96
2025-03-20,Gaz naturel,93961.58,200000,9396.16
2025-03-20,Charbon,82272.13,150000,7404.49
2025-03-20,Nucleaire,251006.23,300000,12550.31
2025-03-21,Solaire,19136.08,50000,1530.89
2025-03-21,Eolien,14708.1,80000,1029.57
2025-03-21,Hydro,90918.68,120000,5455.12
2025-03-21,Gaz naturel,146225.0,200000,14622.5
2025-03-21,Charbon,151183.21,150000,13606.49
2025-03-21,Nucleaire,243587.25,300000,12179.36
2025-03-22,Solaire,9828.43,50000,786.27
2025-03-22,Eolien,,80000,
2025-03-22,Hydro,64722.64,120000,3883.36
2025-03-22,Gaz naturel,144069.27,200000,14406.93
2025-03-22,Charbon,93654.74,150000,8428.93
2025-03-22,Nucleaire,167332.39,300000,8366.62
2025-03-23,Solaire,7105.49,50000,568.44
2025-03-23,Eolien,7715.0,80000,540.05
2025-03-23,Hydro,104245.7,120000,6254.74
2025-03-23,Gaz naturel,157632.8,200000,15763.28
2025-03-23,Charbon,104880.41,150000,9439.24
2025-03-23,Nucleaire,254398.32,300000,12719.92
2025-03-24,Solaire,10906.18,50000,872.49
2025-03-24,Eolien,9565.21,80000,669.56
2025-03-24,Hydro,102277.49,120000,6136.65
2025-03-24,Gaz naturel,150778.2,200000,15077.82
2025-03-24,Charbon,89441.31,150000,8049.72
2025-03-24,Nucleaire,204289.84,300000,10214.49
2025-03-25,Solaire,5903.0,50000,472.24
2025-03-25,Eolien,5184.48,80000,362.91
2025-03-25,Hydro,95114.13,120000,5706.85
2025-03-25,Gaz naturel,178188.33,200000,17818.83
2025-03-25,Charbon,84021.49,150000,7561.93
2025-03-25,Nucleaire,226889.08,300000,11344.45
2025-03-26,Solaire,7084.13,50000,566.73
2025-03-26,Eolien,12708.15,80000,889.57
2025-03-26,Hydro,76891.27,120000,4613.48
2025-03-26,Gaz naturel,122720.18,200000,12272.02
2025-03-26,Charbon,105727.82,150000,9515.5
2025-03-26,Nucleaire,185071.5,300000,9253.57
2025-03-27,Solaire,11919.9,50000,953.59
2025-03-27,Eolien,16378.0,80000,1146.46
2025-03-27,Hydro,81132.62,120000,4867.96
2025-03-27,Gaz naturel,121848.73,200000,12184.87
2025-03-27,Charbon,96348.43,150000,8671.36
2025-03-27,Nucleaire,232661.74,300000,11633.09
2025-03-28,Solaire,13129.82,50000,1050.39
2025-03-28,Eolien,8588.54,80000,601.2
2025-03-28,Hydro,,120000,
2025-03-28,Gaz naturel,155027.74,200000,15502.77
2025-03-28,Charbon,79958.92,150000,7196.3
2025-03-28,Nucleaire,226300.81,300000,11315.04
2025-03-29,Solaire,7021.23,50000,561.7
2025-03-29,Eolien,21593.03,80000,1511.51
2025-03-29,Hydro,74840.89,120000,4490.45
2025-03-29,Gaz naturel,103902.36,200000,10390.24
2025-03-29,Charbon,80586.86,150000,7252.82
2025-03-29,Nucleaire,211442.55,300000,10572.13
2025-03-30,Solaire,11863.54,50000,949.08
2025-03-30,Eolien,9203.74,80000,644.26
2025-03-30,Hydro,91663.11,120000,5499.79
2025-03-30,Gaz naturel,106769.6,200000,10676.96
2025-03-30,Charbon,104008.8,150000,9360.79
2025-03-30,Nucleaire,173669.51,300000,8683.48
2025-03-31,Solaire,7077.86,50000,566.23
2025-03-31,Eolien,17198.15,80000,1203.87
2025-03-31,Hydro,73675.04,120000,4420.5
2025-03-31,Gaz naturel,132308.89,200000,13230.89
2025-03-31,Charbon,120094.39,150000,10808.5
2025-03-31,Nucleaire,192693.24,300000,9634.66
2025-04-01,Solaire,14887.38,50000,1190.99
2025-04-01,Eolien,7310.46,80000,511.73
2025-04-01,Hydro,90357.65,120000,5421.46
2025-04-01,Gaz naturel,168831.37,200000,16883.14
2025-04-01,Charbon,67925.33,150000,6113.28
2025-04-01,Nucleaire,186093.14,300000,9304.66
2025-04-02,Solaire,13529.63,50000,1082.37
2025-04-02,Eolien,15094.42,80000,1056.61
2025-04-02,Hydro,88453.75,120000,5307.23
2025-04-02,Gaz naturel,127920.3,200000,12792.03
2025-04-02,Charbon,106298.85,150000,9566.9
2025-04-02,Nucleaire,205329.68,300000,10266.48
2025-04-03,Solaire,16630.86,50000,1330.47
2025-04-03,Eolien,18937.14,80000,1325.6
2025-04-03,Hydro,88051.23,120000,5283.07
2025-04-03,Gaz naturel,131762.46,200000,13176.25
2025-04-03,Charbon,97685.91,150000,8791.73
2025-04-03,Nucleaire,197023.25,300000,9851.16
2025-04-04,Solaire,12570.87,50000,1005.67
2025-04-04,Eolien,13263.73,80000,928.46
2025-04-04,Hydro,87477.3,120000,5248.64
2025-04-04,Gaz naturel,181508.02,200000,18150.8
2025-04-04,Charbon,118066.87,150000,10626.02
2025-04-04,Nucleaire,200219.29,300000,10010.96
2025-04-05,Solaire,16806.37,50000,1344.51
2025-04-05,Eolien,13372.17,80000,936.05
2025-04-05,Hydro,59542.51,120000,3572.55
2025-04-05,Gaz naturel,119838.27,200000,11983.83
2025-04-05,Charbon,76938.12,150000,6924.43
2025-04-05,Nucleaire,199454.6,300000,9972.73
2025-04-06,Solaire,10596.7,50000,847.74
2025-04-06,Eolien,30882.07,80000,2161.75
2025-04-06,Hydro,87923.13,120000,5275.39
2025-04-06,Gaz naturel,135617.99,200000,13561.8
2025-04-06,Charbon,117441.08,150000,10569.7
2025-04-06,Nucleaire,143665.94,300000,7183.3
2025-04-07,Solaire,11736.98,50000,938.96
2025-04-07,Eolien,23275.27,80000,1629.27
2025-04-07,Hydro,66256.97,120000,3975.42
2025-04-07,Gaz naturel,162875.08,200000,16287.51
2025-04-07,Charbon,110077.45,150000,9906.97
2025-04-07,Nucleaire,197541.36,300000,9877.07
2025-04-08,Solaire,13822.1,50000,1105.77
2025-04-08,Eolien,35873.82,80000,2511.17
2025-04-08,Hydro,86182.4,120000,5170.94
2025-04-08,Gaz naturel,144964.41,200000,14496.44
2025-04-08,Charbon,98109.59,150000,8829.86
2025-04-08,Nucleaire,184504.67,300000,9225.23
2025-04-09,Solaire,14859.26,50000,1188.74
2025-04-09,Eolien,9608.9,80000,672.62
2025-04-09,Hydro,84858.79,120000,5091.53
2025-04-09,Gaz naturel,130446.85,200000,13044.69
2025-04-09,Charbon,112184.7,150000,10096.62
2025-04-09,Nucleaire,220009.86,300000,11000.49
2025-04-10,Solaire,15947.08,50000,1275.77
2025-04-10,Eolien,12515.86,80000,876.11
2025-04-10,Hydro,80761.5,120000,4845.69
2025-04-10,Gaz naturel,120424.73,200000,12042.47
2025-04-10,Charbon,,150000,
2025-04-10,Nucleaire,221319.01,300000,11065.95
2025-04-11,Solaire,14474.19,50000,1157.94
2025-04-11,Eolien,9053.81,80000,633.77
2025-04-11,Hydro,94435.27,120000,5666.12
2025-04-11,Gaz naturel,167112.76,200000,16711.28
2025-04-11,Charbon,111201.52,150000,10008.14
2025-04-11,Nucleaire,266303.87,300000,13315.19
2025-04-12,Solaire,6437.61,50000,515.01
2025-04-12,Eolien,6344.9,80000,444.14
2025-04-12,Hydro,62655.36,120000,3759.32
2025-04-12,Gaz naturel,169920.89,200000,16992.09
2025-04-12,Charbon,114815.48,150000,10333.39
2025-04-12,Nucleaire,208332.46,300000,10416.62
2025-04-13,Solaire,11969.84,50000,957.59
2025-04-13,Eolien,7345.89,80000,514.21
2025-04-13,Hydro,113349.02,120000,6800.94
2025-04-13,Gaz naturel,142584.42,200000,14258.44
2025-04-13,Charbon,106640.92,150000,9597.68
2025-04-13,Nucleaire,231773.0,300000,11588.65
2025-04-14,Solaire,13025.3,50000,1042.02
2025-04-14,Eolien,18680.63,80000,1307.64
2025-04-14,Hydro,74514.31,120000,4470.86
2025-04-14,Gaz naturel,149429.37,200000,14942.94
2025-04-14,Charbon,133230.37,150000,11990.73
2025-04-14,Nucleaire,250362.6,300000,12518.13
2025-04-15,Solaire,18864.23,50000,1509.14
2025-04-15,Eolien,12505.79,80000,875.41
2025-04-15,Hydro,72124.74,120000,4327.48
2025-04-15,Gaz naturel,137484.26,200000,13748.43
2025-04-15,Charbon,105835.87,150000,9525.23
2025-04-15,Nucleaire,242825.75,300000,12141.29
2025-04-16,Solaire,1614.56,50000,129.16
2025-04-16,Eolien,29648.22,80000,2075.38
2025-04-16,Hydro,82103.91,120000,4926.23
2025-04-16,Gaz naturel,131462.38,200000,13146.24
2025-04-16,Charbon,89818.43,150000,8083.66
2025-04-16,Nucleaire,160354.3,300000,8017.71
2025-04-17,Solaire,14821.65,50000,1185.73
2025-04-17,Eolien,,80000,
2025-04-17,Hydro,68520.47,120000,4111.23
2025-04-17,Gaz naturel,114098.42,200000,11409.84
2025-04-17,Charbon,99963.23,150000,8996.69
2025-04-17,Nucleaire,260070.65,300000,13003.53
2025-04-18,Solaire,9137.15,50000,730.97
2025-04-18,Eolien,4173.6,80000,292.15
2025-04-18,Hydro,81051.08,120000,4863.06
2025-04-18,Gaz naturel,134545.53,200000,13454.55
2025-04-18,Charbon,64546.7,150000,5809.2
2025-04-18,Nucleaire,208371.15,300000,10418.56
2025-04-19,Solaire,9287.59,50000,743.01
2025-04-19,Eolien,22648.13,80000,1585.37
2025-04-19,Hydro,106187.47,120000,6371.25
2025-04-19,Gaz naturel,162531.3,200000,16253.13
2025-04-19,Charbon,100966.67,150000,9087.0
2025-04-19,Nucleaire,176804.22,300000,8840.21
2025-04-20,Solaire,24010.14,50000,1920.81
2025-04-20,Eolien,17297.43,80000,1210.82
2025-04-20,Hydro,84167.15,120000,5050.03
2025-04-20,Gaz naturel,139517.5,200000,13951.75
2025-04-20,Charbon,107971.27,150000,9717.41
2025-04-20,Nucleaire,205669.19,300000,10283.46
2025-04-21,Solaire,7488.27,50000,599.06
2025-04-21,Eolien,12206.38,80000,854.45
2025-04-21,Hydro,83606.96,120000,5016.42
2025-04-21,Gaz naturel,129131.5,200000,12913.15
2025-04-21,Charbon,94307.31,150000,8487.66
2025-04-21,Nucleaire,213192.91,300000,10659.65
2025-04-22,Solaire,9161.37,50000,732.91
2025-04-22,Eolien,29433.54,80000,2060.35
2025-04-22,Hydro,52188.36,120000,3131.3
2025-04-22,Gaz naturel,161830.14,200000,16183.01
2025-04-22,Charbon,123691.28,150000,11132.22
2025-04-22,Nucleaire,147798.29,300000,7389.91
2025-04-23,Solaire,8700.89,50000,696.07
2025-04-23,Eolien,13679.9,80000,957.59
2025-04-23,Hydro,67109.86,120000,4026.59
2025-04-23,Gaz naturel,124443.67,200000,12444.37
2025-04-23,Charbon,88341.36,150000,7950.72
2025-04-23,Nucleaire,262568.11,300000,13128.41
2025-04-24,Solaire,15412.31,50000,1232.98
2025-04-24,Eolien,27481.06,80000,1923.67
2025-04-24,Hydro,92660.06,120000,5559.6
2025-04-24,Gaz naturel,117418.96,200000,11741.9
2025-04-24,Charbon,97132.2,150000,8741.9
2025-04-24,Nucleaire,224681.24,300000,11234.06
2025-04-25,Solaire,,50000,
2025-04-25,Eolien,22789.19,80000,1595.24
2025-04-25,Hydro,81116.1,120000,4866.97
2025-04-25,Gaz naturel,132503.58,200000,13250.36
2025-04-25,Charbon,115664.4,150000,10409.8
2025-04-25,Nucleaire,223327.9,300000,11166.39
2025-04-26,Solaire,8604.93,50000,688.39
2025-04-26,Eolien,26538.37,80000,1857.69
2025-04-26,Hydro,71027.24,120000,4261.63
2025-04-26,Gaz naturel,152318.71,200000,15231.87
2025-04-26,Charbon,113896.52,150000,10250.69
2025-04-26,Nucleaire,200713.61,300000,10035.68
2025-04-27,Solaire,12212.2,50000,976.98
2025-04-27,Eolien,6290.65,80000,440.35
2025-04-27,Hydro,95088.32,120000,5705.3
2025-04-27,Gaz naturel,136301.96,200000,13630.2
2025-04-27,Charbon,97159.15,150000,8744.32
2025-04-27,Nucleaire,241470.28,300000,12073.51
2025-04-28,Solaire,6802.2,50000,544.18
2025-04-28,Eolien,4968.93,80000,347.82
2025-04-28,Hydro,65320.45,120000,3919.23
2025-04-28,Gaz naturel,152120.2,200000,15212.02
2025-04-28,Charbon,85793.56,150000,7721.42
2025-04-28,Nucleaire,262643.83,300000,13132.19
2025-04-29,Solaire,0.0,50000,0.0
2025-04-29,Eolien,31050.23,80000,2173.52
2025-04-29,Hydro,86532.21,120000,5191.93
2025-04-29,Gaz naturel,138065.74,200000,13806.57
2025-04-29,Charbon,96826.21,150000,8714.36
2025-04-29,Nucleaire,221974.08,300000,11098.7
2025-04-30,Solaire,10302.42,50000,824.19
2025-04-30,Eolien,26067.74,80000,1824.74
2025-04-30,Hydro,85370.73,120000,5122.24
2025-04-30,Gaz naturel,143006.04,200000,14300.6
2025-04-30,Charbon,99545.82,150000,8959.12
2025-04-30,Nucleaire,208291.63,300000,10414.58
2025-05-01,Solaire,22501.07,50000,1800.09
2025-05-01,Eolien,4521.37,80000,316.5
2025-05-01,Hydro,67821.77,120000,4069.31
2025-05-01,Gaz naturel,154865.28,200000,15486.53
2025-05-01,Charbon,107562.98,150000,9680.67
2025-05-01,Nucleaire,204480.5,300000,10224.02
2025-05-02,Solaire,19679.73,50000,1574.38
2025-05-02,Eolien,36622.27,80000,2563.56
2025-05-02,Hydro,77522.88,120000,4651.37
2025-05-02,Gaz naturel,124433.91,200000,12443.39
2025-05-02,Charbon,107937.68,150000,9714.39
2025-05-02,Nucleaire,180648.82,300000,9032.44
2025-05-03,Solaire,23480.46,50000,1878.44
2025-05-03,Eolien,4639.7,80000,324.78
2025-05-03,Hydro,96349.87,120000,5780.99
2025-05-03,Gaz naturel,149451.95,200000,14945.19
2025-05-03,Charbon,108840.45,150000,9795.64
2025-05-03,Nucleaire,239480.73,300000,11974.04
2025-05-04,Solaire,35738.38,50000,2859.07
2025-05-04,Eolien,47024.17,80000,3291.69
2025-05-04,Hydro,61909.51,120000,3714.57
2025-05-04,Gaz naturel,114408.46,200000,11440.85
2025-05-04,Charbon,95627.72,150000,8606.49
2025-05-04,Nucleaire,210782.73,300000,10539.14
2025-05-05,Solaire,24547.18,50000,1963.77
2025-05-05,Eolien,19878.4,80000,1391.49
2025-05-05,Hydro,86241.2,120000,5174.47
2025-05-05,Gaz naturel,124892.34,200000,12489.23
2025-05-05,Charbon,95827.23,150000,8624.45
2025-05-05,Nucleaire,167800.17,300000,8390.01
2025-05-06,Solaire,10498.48,50000,839.88
2025-05-06,Eolien,10113.72,80000,707.96
2025-05-06,Hydro,72289.52,120000,4337.37
2025-05-06,Gaz naturel,161072.84,200000,16107.28
2025-05-06,Charbon,90759.02,150000,8168.31
2025-05-06,Nucleaire,288971.46,300000,14448.57
2025-05-07,Solaire,24309.85,50000,1944.79
2025-05-07,Eolien,34083.44,80000,2385.84
2025-05-07,Hydro,73699.71,120000,4421.98
2025-05-07,Gaz naturel,154006.2,200000,15400.62
2025-05-07,Charbon,96365.43,150000,8672.89
2025-05-07,Nucleaire,213660.29,300000,10683.01
2025-05-08,Solaire,44460.82,50000,3556.87
2025-05-08,Eolien,29701.47,80000,2079.1
2025-05-08,Hydro,97791.28,120000,5867.48
2025-05-08,Gaz naturel,125936.47,200000,12593.65
2025-05-08,Charbon,104475.17,150000,9402.77
2025-05-08,Nucleaire,263124.02,300000,13156.2
2025-05-09,Solaire,13387.07,50000,1070.97
2025-05-09,Eolien,59474.2,80000,4163.19
2025-05-09,Hydro,92493.02,120000,5549.58
2025-05-09,Gaz naturel,128750.66,200000,12875.07
2025-05-09,Charbon,114486.12,150000,10303.75
2025-05-09,Nucleaire,239176.63,300000,11958.83
2025-05-10,Solaire,25562.65,50000,2045.01
2025-05-10,Eolien,6704.49,80000,469.31
2025-05-10,Hydro,75274.35,120000,4516.46
2025-05-10,Gaz naturel,135049.63,200000,13504.96
2025-05-10,Charbon,103883.5,150000,9349.51
2025-05-10,Nucleaire,228620.16,300000,11431.01
2025-05-11,Solaire,21232.58,50000,1698.61
2025-05-11,Eolien,10368.63,80000,725.8
2025-05-11,Hydro,88562.37,120000,5313.74
2025-05-11,Gaz naturel,152211.71,200000,15221.17
2025-05-11,Charbon,113396.86,150000,10205.72
2025-05-11,Nucleaire,242423.42,300000,12121.17
2025-05-12,Solaire,27630.74,50000,2210.46
2025-05-12,Eolien,38363.21,80000,2685.42
2025-05-12,Hydro,83158.01,120000,4989.48
2025-05-12,Gaz naturel,106780.78,200000,10678.08
2025-05-12,Charbon,111444.27,150000,10029.98
2025-05-12,Nucleaire,216230.63,300000,10811.53
2025-05-13,Solaire,22147.89,50000,1771.83
2025-05-13,Eolien,11282.72,80000,789.79
2025-05-13,Hydro,71027.32,120000,4261.64
2025-05-13,Gaz naturel,161063.06,200000,16106.31
2025-05-13,Charbon,104406.67,150000,9396.6
2025-05-13,Nucleaire,230445.02,300000,11522.25
2025-05-14,Solaire,19776.1,50000,1582.09
2025-05-14,Eolien,31664.2,80000,2216.49
2025-05-14,Hydro,95259.41,120000,5715.56
2025-05-14,Gaz naturel,129679.11,200000,12967.91
2025-05-14,Charbon,106441.81,150000,9579.76
2025-05-14,Nucleaire,196131.74,300000,9806.59
2025-05-15,Solaire,15263.66,50000,1221.09
2025-05-15,Eolien,26376.91,80000,1846.38
2025-05-15,Hydro,86665.61,120000,5199.94
2025-05-15,Gaz naturel,130425.03,200000,13042.5
2025-05-15,Charbon,123836.34,150000,11145.27
2025-05-15,Nucleaire,183161.78,300000,9158.09
2025-05-16,Solaire,17678.0,50000,1414.24
2025-05-16,Eolien,24340.2,80000,1703.81
2025-05-16,Hydro,101363.73,120000,6081.82
2025-05-16,Gaz naturel,143931.1,200000,14393.11
2025-05-16,Charbon,120477.67,150000,10842.99
2025-05-16,Nucleaire,165433.19,300000,8271.66
2025-05-17,Solaire,22103.74,50000,1768.3
2025-05-17,Eolien,45078.24,80000,3155.48
2025-05-17,Hydro,84987.41,120000,5099.24
2025-05-17,Gaz naturel,161309.61,200000,16130.96
2025-05-17,Charbon,97240.67,150000,8751.66
2025-05-17,Nucleaire,252280.42,300000,12614.02
2025-05-18,Solaire,41914.26,50000,3353.14
2025-05-18,Eolien,25539.72,80000,1787.78
2025-05-18,Hydro,78653.97,120000,4719.24
2025-05-18,Gaz naturel,169067.69,200000,16906.77
2025-05-18,Charbon,128693.58,150000,11582.42
2025-05-18,Nucleaire,194314.2,300000,9715.71
2025-05-19,Solaire,15403.18,50000,1232.25
2025-05-19,Eolien,26804.16,80000,1876.29
2025-05-19,Hydro,67866.59,120000,4072.0
2025-05-19,Gaz naturel,121626.96,200000,12162.7
2025-05-19,Charbon,89937.89,150000,8094.41
2025-05-19,Nucleaire,186966.07,300000,9348.3
2025-05-20,Solaire,19161.82,50000,1532.95
2025-05-20,Eolien,34853.75,80000,2439.76
2025-05-20,Hydro,102606.01,120000,6156.36
2025-05-20,Gaz naturel,120032.92,200000,12003.29
2025-05-20,Charbon,119764.84,150000,10778.84
2025-05-20,Nucleaire,203580.33,300000,10179.02
2025-05-21,Solaire,19017.73,50000,1521.42
2025-05-21,Eolien,41727.18,80000,2920.9
2025-05-21,Hydro,70527.34,120000,4231.64
2025-05-21,Gaz naturel,147648.19,200000,14764.82
2025-05-21,Charbon,107496.78,150000,9674.71
2025-05-21,Nucleaire,224773.54,300000,11238.68
2025-05-22,Solaire,22319.39,50000,1785.55
2025-05-22,Eolien,69502.68,80000,4865.19
2025-05-22,Hydro,76347.12,120000,4580.83
2025-05-22,Gaz naturel,129380.06,200000,12938.01
2025-05-22,Charbon,95652.89,150000,8608.76
2025-05-22,Nucleaire,193335.69,300000,9666.78
2025-05-23,Solaire,13285.48,50000,1062.84
2025-05-23,Eolien,49748.66,80000,3482.41
2025-05-23,Hydro,101046.05,120000,6062.76
2025-05-23,Gaz naturel,128585.07,200000,12858.51
2025-05-23,Charbon,92514.67,150000,8326.32
2025-05-23,Nucleaire,224142.47,300000,11207.12
2025-05-24,Solaire,14115.83,50000,1129.27
2025-05-24,Eolien,41073.74,80000,2875.16
2025-05-24,Hydro,86435.08,120000,5186.1
2025-05-24,Gaz naturel,109685.12,200000,10968.51
2025-05-24,Charbon,128212.58,150000,11539.13
2025-05-24,Nucleaire,263876.33,300000,13193.82
2025-05-25,Solaire,13525.31,50000,1082.02
2025-05-25,Eolien,25151.86,80000,1760.63
2025-05-25,Hydro,87430.38,120000,5245.82
2025-05-25,Gaz naturel,146689.14,200000,14668.91
2025-05-25,Charbon,114878.16,150000,10339.03
2025-05-25,Nucleaire,270306.14,300000,13515.31
2025-05-26,Solaire,17774.76,50000,1421.98
2025-05-26,Eolien,18746.56,80000,1312.26
2025-05-26,Hydro,67448.17,120000,4046.89
2025-05-26,Gaz naturel,125381.4,200000,12538.14
2025-05-26,Charbon,104503.1,150000,9405.28
2025-05-26,Nucleaire,263836.74,300000,13191.84
2025-05-27,Solaire,14453.29,50000,1156.26
2025-05-27,Eolien,34691.09,80000,2428.38
2025-05-27,Hydro,83802.93,120000,5028.18
2025-05-27,Gaz naturel,163767.87,200000,16376.79
2025-05-27,Charbon,142903.99,150000,12861.36
2025-05-27,Nucleaire,194073.94,300000,9703.7
2025-05-28,Solaire,,50000,
2025-05-28,Eolien,47488.91,80000,3324.22
2025-05-28,Hydro,92182.7,120000,5530.96
2025-05-28,Gaz naturel,176934.15,200000,17693.41
2025-05-28,Charbon,113758.92,150000,10238.3
2025-05-28,Nucleaire,199221.24,300000,9961.06
2025-05-29,Solaire,25258.88,50000,2020.71
2025-05-29,Eolien,48495.78,80000,3394.7
2025-05-29,Hydro,93845.79,120000,5630.75
2025-05-29,Gaz naturel,150145.48,200000,15014.55
2025-05-29,Charbon,121000.12,150000,10890.01
2025-05-29,Nucleaire,245078.87,300000,12253.94
2025-05-30,Solaire,32976.05,50000,2638.08
2025-05-30,Eolien,41319.87,80000,2892.39
2025-05-30,Hydro,81994.58,120000,4919.67
2025-05-30,Gaz naturel,142934.27,200000,14293.43
2025-05-30,Charbon,123097.63,150000,11078.79
2025-05-30,Nucleaire,185491.93,300000,9274.6
2025-05-31,Solaire,23094.56,50000,1847.57
2025-05-31,Eolien,25063.91,80000,1754.47
2025-05-31,Hydro,84344.94,120000,5060.7
2025-05-31,Gaz naturel,165569.04,200000,16556.9
2025-05-31,Charbon,107866.49,150000,9707.98
2025-05-31,Nucleaire,211393.1,300000,10569.65
2025-06-01,Solaire,6241.4,50000,499.31
2025-06-01,Eolien,42841.56,80000,2998.91
2025-06-01,Hydro,91745.81,120000,5504.75
2025-06-01,Gaz naturel,183265.09,200000,18326.51
2025-06-01,Charbon,100383.33,150000,9034.5
2025-06-01,Nucleaire,216574.51,300000,10828.73
2025-06-02,Solaire,21931.49,50000,1754.52
2025-06-02,Eolien,55808.27,80000,3906.58
2025-06-02,Hydro,82856.45,120000,4971.39
2025-06-02,Gaz naturel,145580.43,200000,14558.04
2025-06-02,Charbon,114118.45,150000,10270.66
2025-06-02,Nucleaire,215598.27,300000,10779.91
2025-06-03,Solaire,15147.27,50000,1211.78
2025-06-03,Eolien,34227.8,80000,2395.95
2025-06-03,Hydro,96883.58,120000,5813.01
2025-06-03,Gaz naturel,119469.69,200000,11946.97
2025-06-03,Charbon,106994.55,150000,9629.51
2025-06-03,Nucleaire,188996.38,300000,9449.82
2025-06-04,Solaire,31151.7,50000,2492.14
2025-06-04,Eolien,7438.28,80000,520.68
2025-06-04,Hydro,77292.94,120000,4637.58
2025-06-04,Gaz naturel,147544.24,200000,14754.42
2025-06-04,Charbon,128482.86,150000,11563.46
2025-06-04,Nucleaire,208027.49,300000,10401.37
2025-06-05,Solaire,14086.8,50000,1126.94
2025-06-05,Eolien,60546.05,80000,4238.22
2025-06-05,Hydro,66623.83,120000,3997.43
2025-06-05,Gaz naturel,96023.88,200000,9602.39
2025-06-05,Charbon,111600.22,150000,10044.02
2025-06-05,Nucleaire,194938.37,300000,9746.92
2025-06-06,Solaire,9542.98,50000,763.44
2025-06-06,Eolien,42250.36,80000,2957.53
2025-06-06,Hydro,86925.61,120000,5215.54
2025-06-06,Gaz naturel,128718.43,200000,12871.84
2025-06-06,Charbon,85795.43,150000,7721.59
2025-06-06,Nucleaire,236173.72,300000,11808.69
2025-06-07,Solaire,25839.46,50000,2067.16
2025-06-07,Eolien,29652.86,80000,2075.7
2025-06-07,Hydro,106159.64,120000,6369.58
2025-06-07,Gaz naturel,118598.3,200000,11859.83
2025-06-07,Charbon,82117.12,150000,7390.54
2025-06-07,Nucleaire,189242.76,300000,9462.14
2025-06-08,Solaire,19055.54,50000,1524.44
2025-06-08,Eolien,34996.1,80000,2449.73
2025-06-08,Hydro,-999.0,120000,4866.31
2025-06-08,Gaz naturel,147041.11,200000,14704.11
2025-06-08,Charbon,86226.91,150000,7760.42
2025-06-08,Nucleaire,253312.94,300000,12665.65
2025-06-09,Solaire,18699.03,50000,1495.92
2025-06-09,Eolien,48629.81,80000,3404.09
2025-06-09,Hydro,,120000,
2025-06-09,Gaz naturel,149135.06,200000,14913.51
2025-06-09,Charbon,113546.51,150000,10219.19
2025-06-09,Nucleaire,223431.26,300000,11171.56
2025-06-10,Solaire,25766.55,50000,2061.32
2025-06-10,Eolien,51934.78,80000,3635.43
2025-06-10,Hydro,86358.25,120000,5181.5
2025-06-10,Gaz naturel,154180.08,200000,15418.01
2025-06-10,Charbon,103653.96,150000,9328.86
2025-06-10,Nucleaire,253203.52,300000,12660.18
2025-06-11,Solaire,12905.18,50000,1032.41
2025-06-11,Eolien,59294.67,80000,4150.63
2025-06-11,Hydro,83518.1,120000,5011.09
2025-06-11,Gaz naturel,111384.5,200000,11138.45
2025-06-11,Charbon,106921.57,150000,9622.94
2025-06-11,Nucleaire,189568.45,300000,9478.42
2025-06-12,Solaire,27696.27,50000,2215.7
2025-06-12,Eolien,21019.07,80000,1471.33
2025-06-12,Hydro,78645.8,120000,4718.75
2025-06-12,Gaz naturel,102209.19,200000,10220.92
2025-06-12,Charbon,98215.41,150000,8839.39
2025-06-12,Nucleaire,137283.62,300000,6864.18
2025-06-13,Solaire,4056.95,50000,324.56
2025-06-13,Eolien,43062.47,80000,3014.37
2025-06-13,Hydro,93429.6,120000,5605.78
2025-06-13,Gaz naturel,148509.15,200000,14850.92
2025-06-13,Charbon,90495.36,150000,8144.58
2025-06-13,Nucleaire,208568.66,300000,10428.43
2025-06-14,Solaire,19464.88,50000,1557.19
2025-06-14,Eolien,13129.51,80000,919.07
2025-06-14,Hydro,102040.78,120000,6122.45
2025-06-14,Gaz naturel,157547.25,200000,15754.72
2025-06-14,Charbon,101685.54,150000,9151.7
2025-06-14,Nucleaire,210806.58,300000,10540.33
2025-06-15,Solaire,21531.73,50000,1722.54
2025-06-15,Eolien,0.0,80000,0.0
2025-06-15,Hydro,81033.87,120000,4862.03
2025-06-15,Gaz naturel,126360.32,200000,12636.03
2025-06-15,Charbon,89975.7,150000,8097.81
2025-06-15,Nucleaire,201566.99,300000,10078.35
2025-06-16,Solaire,37027.44,50000,2962.2
2025-06-16,Eolien,41197.15,80000,2883.8
2025-06-16,Hydro,77145.85,120000,4628.75
2025-06-16,Gaz naturel,151451.66,200000,15145.17
2025-06-16,Charbon,125990.33,150000,11339.13
2025-06-16,Nucleaire,237739.01,300000,11886.95
2025-06-17,Solaire,20081.4,50000,1606.51
2025-06-17,Eolien,21107.79,80000,1477.55
2025-06-17,Hydro,92378.68,120000,5542.72
2025-06-17,Gaz naturel,147869.71,200000,14786.97
2025-06-17,Charbon,118427.9,150000,10658.51
2025-06-17,Nucleaire,229055.15,300000,11452.76
2025-06-18,Solaire,29733.14,50000,2378.65
2025-06-18,Eolien,22850.33,80000,1599.52
2025-06-18,Hydro,99808.73,120000,5988.52
2025-06-18,Gaz naturel,143951.99,200000,14395.2
2025-06-18,Charbon,136128.91,150000,12251.6
2025-06-18,Nucleaire,189324.37,300000,9466.22
2025-06-19,Solaire,36425.65,50000,2914.05
2025-06-19,Eolien,34287.41,80000,2400.12
2025-06-19,Hydro,76182.98,120000,4570.98
2025-06-19,Gaz naturel,130322.28,200000,13032.23
2025-06-19,Charbon,100194.79,150000,9017.53
2025-06-19,Nucleaire,222724.98,300000,11136.25
2025-06-20,Solaire,24597.65,50000,1967.81
2025-06-20,Eolien,22250.28,80000,1557.52
2025-06-20,Hydro,83707.74,120000,5022.46
2025-06-20,Gaz naturel,182845.41,200000,18284.54
2025-06-20,Charbon,130913.15,150000,11782.18
2025-06-20,Nucleaire,223089.71,300000,11154.49
2025-06-21,Solaire,,50000,
2025-06-21,Eolien,33072.49,80000,2315.07
2025-06-21,Hydro,91362.22,120000,5481.73
2025-06-21,Gaz naturel,119544.15,200000,11954.41
2025-06-21,Charbon,101139.35,150000,9102.54
2025-06-21,Nucleaire,159942.48,300000,7997.12
2025-06-22,Solaire,23392.43,50000,1871.39
2025-06-22,Eolien,41296.26,80000,2890.74
2025-06-22,Hydro,,120000,
2025-06-22,Gaz naturel,171479.74,200000,17147.97
2025-06-22,Charbon,86613.52,150000,7795.22
2025-06-22,Nucleaire,166068.75,300000,8303.44
2025-06-23,Solaire,21688.41,50000,1735.07
2025-06-23,Eolien,47534.73,80000,3327.43
2025-06-23,Hydro,104207.13,120000,6252.43
2025-06-23,Gaz naturel,130822.31,200000,13082.23
2025-06-23,Charbon,121180.21,150000,10906.22
2025-06-23,Nucleaire,208844.75,300000,10442.24
2025-06-24,Solaire,17816.88,50000,1425.35
2025-06-24,Eolien,44985.1,80000,3148.96
2025-06-24,Hydro,91827.87,120000,5509.67
2025-06-24,Gaz naturel,108472.16,200000,10847.22
2025-06-24,Charbon,127148.11,150000,11443.33
2025-06-24,Nucleaire,251402.74,300000,12570.14
2025-06-25,Solaire,13400.76,50000,1072.06
2025-06-25,Eolien,37374.54,80000,2616.22
2025-06-25,Hydro,89928.36,120000,5395.7
2025-06-25,Gaz naturel,145213.48,200000,14521.35
2025-06-25,Charbon,96745.42,150000,8707.09
2025-06-25,Nucleaire,189851.3,300000,9492.56
2025-06-26,Solaire,19250.85,50000,1540.07
2025-06-26,Eolien,49494.57,80000,3464.62
2025-06-26,Hydro,90523.2,120000,5431.39
2025-06-26,Gaz naturel,132587.71,200000,13258.77
2025-06-26,Charbon,116575.48,150000,10491.79
2025-06-26,Nucleaire,124543.72,300000,6227.19
2025-06-27,Solaire,30700.47,50000,2456.04
2025-06-27,Eolien,4060.47,80000,284.23
2025-06-27,Hydro,79650.71,120000,4779.04
2025-06-27,Gaz naturel,117606.6,200000,11760.66
2025-06-27,Charbon,85579.78,150000,7702.18
2025-06-27,Nucleaire,244824.8,300000,12241.24
2025-06-28,Solaire,14939.91,50000,1195.19
2025-06-28,Eolien,36605.46,80000,2562.38
2025-06-28,Hydro,83436.95,120000,5006.22
2025-06-28,Gaz naturel,149540.82,200000,14954.08
2025-06-28,Charbon,106152.33,150000,9553.71
2025-06-28,Nucleaire,171510.23,300000,8575.51
2025-06-29,Solaire,29213.6,50000,2337.09
2025-06-29,Eolien,23497.4,80000,1644.82
2025-06-29,Hydro,65321.02,120000,3919.26
2025-06-29,Gaz naturel,131437.7,200000,13143.77
2025-06-29,Charbon,127511.4,150000,11476.03
2025-06-29,Nucleaire,235506.65,300000,11775.33
2025-06-30,Solaire,16100.64,50000,1288.05
2025-06-30,Eolien,25751.58,80000,1802.61
2025-06-30,Hydro,80140.38,120000,4808.42
2025-06-30,Gaz naturel,181534.96,200000,18153.5
2025-06-30,Charbon,110729.03,150000,9965.61
2025-06-30,Nucleaire,222901.25,300000,11145.06
2025-07-01,Solaire,29545.26,50000,2363.62
2025-07-01,Eolien,34925.11,80000,2444.76
2025-07-01,Hydro,80891.49,120000,4853.49
2025-07-01,Gaz naturel,136073.0,200000,13607.3
2025-07-01,Charbon,103925.98,150000,9353.34
2025-07-01,Nucleaire,208883.33,300000,10444.17
2025-07-02,Solaire,26594.39,50000,2127.55
2025-07-02,Eolien,32010.36,80000,2240.72
2025-07-02,Hydro,92791.68,120000,5567.5
2025-07-02,Gaz naturel,138385.67,200000,13838.57
2025-07-02,Charbon,106179.53,150000,9556.16
2025-07-02,Nucleaire,150053.98,300000,7502.7
2025-07-03,Solaire,28434.19,50000,2274.74
2025-07-03,Eolien,36605.22,80000,2562.37
2025-07-03,Hydro,95976.12,120000,5758.57
2025-07-03,Gaz naturel,82074.89,200000,8207.49
2025-07-03,Charbon,136325.62,150000,12269.31
2025-07-03,Nucleaire,205812.31,300000,10290.62
2025-07-04,Solaire,30304.78,50000,2424.38
2025-07-04,Eolien,14977.47,80000,1048.42
2025-07-04,Hydro,91353.29,120000,5481.2
2025-07-04,Gaz naturel,118931.69,200000,11893.17
2025-07-04,Charbon,95643.47,150000,8607.91
2025-07-04,Nucleaire,267420.94,300000,13371.05
2025-07-05,Solaire,17640.85,50000,1411.27
2025-07-05,Eolien,34591.95,80000,2421.44
2025-07-05,Hydro,94440.81,120000,5666.45
2025-07-05,Gaz naturel,149913.64,200000,14991.36
2025-07-05,Charbon,107256.28,150000,9653.07
2025-07-05,Nucleaire,220948.83,300000,11047.44
2025-07-06,Solaire,42933.3,50000,3434.66
2025-07-06,Eolien,30301.15,80000,2121.08
2025-07-06,Hydro,86413.19,120000,5184.79
2025-07-06,Gaz naturel,161013.09,200000,16101.31
2025-07-06,Charbon,121582.89,150000,10942.46
2025-07-06,Nucleaire,245610.91,300000,12280.55
2025-07-07,Solaire,25727.62,50000,2058.21
2025-07-07,Eolien,13369.12,80000,935.84
2025-07-07,Hydro,103601.18,120000,6216.07
2025-07-07,Gaz naturel,117073.09,200000,11707.31
2025-07-07,Charbon,109539.53,150000,9858.56
2025-07-07,Nucleaire,187371.72,300000,9368.59
2025-07-08,Solaire,18874.65,50000,1509.97
2025-07-08,Eolien,36328.69,80000,2543.01
2025-07-08,Hydro,87856.29,120000,5271.38
2025-07-08,Gaz naturel,148438.42,200000,14843.84
2025-07-08,Charbon,129205.67,150000,11628.51
2025-07-08,Nucleaire,,300000,
2025-07-09,Solaire,17119.47,50000,1369.56
2025-07-09,Eolien,46239.76,80000,3236.78
2025-07-09,Hydro,98273.65,120000,5896.42
2025-07-09,Gaz naturel,115447.84,200000,11544.78
2025-07-09,Charbon,113961.0,150000,10256.49
2025-07-09,Nucleaire,231035.18,300000,11551.76
2025-07-10,Solaire,16598.76,50000,1327.9
2025-07-10,Eolien,52661.03,80000,3686.27
2025-07-10,Hydro,82199.33,120000,4931.96
2025-07-10,Gaz naturel,142511.53,200000,14251.15
2025-07-10,Charbon,102403.92,150000,9216.35
2025-07-10,Nucleaire,210467.37,300000,10523.37
2025-07-11,Solaire,8811.32,50000,704.91
2025-07-11,Eolien,8735.21,80000,611.46
2025-07-11,Hydro,103134.06,120000,6188.04
2025-07-11,Gaz naturel,123060.77,200000,12306.08
2025-07-11,Charbon,90129.11,150000,8111.62
2025-07-11,Nucleaire,145398.3,300000,7269.91
2025-07-12,Solaire,13270.12,50000,1061.61
2025-07-12,Eolien,10559.8,80000,739.19
2025-07-12,Hydro,103704.18,120000,6222.25
2025-07-12,Gaz naturel,160196.34,200000,16019.63
2025-07-12,Charbon,94677.74,150000,8521.0
2025-07-12,Nucleaire,277573.07,300000,13878.65
2025-07-13,Solaire,29072.21,50000,2325.78
2025-07-13,Eolien,26132.63,80000,1829.28
2025-07-13,Hydro,54007.13,120000,3240.43
2025-07-13,Gaz naturel,185818.85,200000,18581.89
2025-07-13,Charbon,84156.41,150000,7574.08
2025-07-13,Nucleaire,160638.04,300000,8031.9
2025-07-14,Solaire,29470.06,50000,2357.6
2025-07-14,Eolien,69260.14,80000,4848.21
2025-07-14,Hydro,100611.27,120000,6036.68
2025-07-14,Gaz naturel,151278.18,200000,15127.82
2025-07-14,Charbon,,150000,
2025-07-14,Nucleaire,235602.47,300000,11780.12
2025-07-15,Solaire,26899.55,50000,2151.96
2025-07-15,Eolien,35586.59,80000,2491.06
2025-07-15,Hydro,85250.41,120000,5115.02
2025-07-15,Gaz naturel,138748.14,200000,13874.81
2025-07-15,Charbon,,150000,
2025-07-15,Nucleaire,201579.75,300000,10078.99
2025-07-16,Solaire,2993.67,50000,239.49
2025-07-16,Eolien,29665.9,80000,2076.61
2025-07-16,Hydro,72136.91,120000,4328.21
2025-07-16,Gaz naturel,117928.21,200000,11792.82
2025-07-16,Charbon,107698.41,150000,9692.86
2025-07-16,Nucleaire,251760.07,300000,12588.0
2025-07-17,Solaire,28453.59,50000,2276.29
2025-07-17,Eolien,6700.19,80000,469.01
2025-07-17,Hydro,72124.46,120000,4327.47
2025-07-17,Gaz naturel,,200000,
2025-07-17,Charbon,90262.69,150000,8123.64
2025-07-17,Nucleaire,203261.01,300000,10163.05
2025-07-18,Solaire,24863.01,50000,1989.04
2025-07-18,Eolien,16093.83,80000,1126.57
2025-07-18,Hydro,85264.51,120000,5115.87
2025-07-18,Gaz naturel,113319.49,200000,11331.95
2025-07-18,Charbon,95979.49,150000,8638.15
2025-07-18,Nucleaire,219593.46,300000,10979.67
2025-07-19,Solaire,3968.31,50000,317.46
2025-07-19,Eolien,38071.41,80000,2665.0
2025-07-19,Hydro,83764.35,120000,5025.86
2025-07-19,Gaz naturel,151049.8,200000,15104.98
2025-07-19,Charbon,108358.71,150000,9752.28
2025-07-19,Nucleaire,250924.21,300000,12546.21
2025-07-20,Solaire,20720.94,50000,1657.68
2025-07-20,Eolien,24501.27,80000,1715.09
2025-07-20,Hydro,85467.57,120000,5128.05
2025-07-20,Gaz naturel,150865.96,200000,15086.6
2025-07-20,Charbon,105732.9,150000,9515.96
2025-07-20,Nucleaire,211217.75,300000,10560.89
2025-07-21,Solaire,12655.58,50000,1012.45
2025-07-21,Eolien,20858.75,80000,1460.11
2025-07-21,Hydro,67168.74,120000,4030.12
2025-07-21,Gaz naturel,174991.53,200000,17499.15
2025-07-21,Charbon,86342.05,150000,7770.78
2025-07-21,Nucleaire,189212.84,300000,9460.64
2025-07-22,Solaire,12495.53,50000,999.64
2025-07-22,Eolien,45160.82,80000,3161.26
2025-07-22,Hydro,80460.6,120000,4827.64
2025-07-22,Gaz naturel,164954.84,200000,16495.48
2025-07-22,Charbon,94897.64,150000,8540.79
2025-07-22,Nucleaire,218369.82,300000,10918.49
2025-07-23,Solaire,11355.37,50000,908.43
2025-07-23,Eolien,64664.33,80000,4526.5
2025-07-23,Hydro,69748.82,120000,4184.93
2025-07-23,Gaz naturel,146196.41,200000,14619.64
2025-07-23,Charbon,114506.65,150000,10305.6
2025-07-23,Nucleaire,222413.97,300000,11120.7
2025-07-24,Solaire,17693.45,50000,1415.48
2025-07-24,Eolien,29174.8,80000,2042.24
2025-07-24,Hydro,84525.74,120000,5071.54
2025-07-24,Gaz naturel,137059.96,200000,13706.0
2025-07-24,Charbon,119458.19,150000,10751.24
2025-07-24,Nucleaire,276315.69,300000,13815.78
2025-07-25,Solaire,14064.46,50000,1125.16
2025-07-25,Eolien,9831.07,80000,688.18
2025-07-25,Hydro,82940.62,120000,4976.44
2025-07-25,Gaz naturel,191594.19,200000,19159.42
2025-07-25,Charbon,92944.88,150000,8365.04
2025-07-25,Nucleaire,259173.5,300000,12958.68
2025-07-26,Solaire,35857.58,50000,2868.61
2025-07-26,Eolien,22564.02,80000,1579.48
2025-07-26,Hydro,90827.8,120000,5449.67
2025-07-26,Gaz naturel,172567.93,200000,17256.79
2025-07-26,Charbon,99313.08,150000,8938.18
2025-07-26,Nucleaire,203892.59,300000,10194.63
2025-07-27,Solaire,13828.61,50000,1106.29
2025-07-27,Eolien,15369.8,80000,1075.89
2025-07-27,Hydro,76208.67,120000,4572.52
2025-07-27,Gaz naturel,115521.19,200000,11552.12
2025-07-27,Charbon,105511.25,150000,9496.01
2025-07-27,Nucleaire,186900.8,300000,9345.04
2025-07-28,Solaire,21779.41,50000,1742.35
2025-07-28,Eolien,6928.03,80000,484.96
2025-07-28,Hydro,87970.56,120000,5278.23
2025-07-28,Gaz naturel,156670.58,200000,15667.06
2025-07-28,Charbon,75093.97,150000,6758.46
2025-07-28,Nucleaire,221221.7,300000,11061.08
2025-07-29,Solaire,31469.77,50000,2517.58
2025-07-29,Eolien,12329.6,80000,863.07
2025-07-29,Hydro,104070.87,120000,6244.25
2025-07-29,Gaz naturel,148380.38,200000,14838.04
2025-07-29,Charbon,94424.82,150000,8498.23
2025-07-29,Nucleaire,208326.93,300000,10416.35
2025-07-30,Solaire,24943.69,50000,1995.49
2025-07-30,Eolien,32385.68,80000,2267.0
2025-07-30,Hydro,90465.07,120000,5427.9
2025-07-30,Gaz naturel,121586.53,200000,12158.65
2025-07-30,Charbon,107540.41,150000,9678.64
2025-07-30,Nucleaire,167588.57,300000,8379.43
2025-07-31,Solaire,18415.55,50000,1473.24
2025-07-31,Eolien,17099.04,80000,1196.93
2025-07-31,Hydro,75173.64,120000,4510.42
2025-07-31,Gaz naturel,164721.86,200000,16472.19
2025-07-31,Charbon,121369.65,150000,10923.27
2025-07-31,Nucleaire,228274.14,300000,11413.71
2025-08-01,Solaire,8849.95,50000,708.0
2025-08-01,Eolien,26264.03,80000,1838.48
2025-08-01,Hydro,98557.17,120000,5913.43
2025-08-01,Gaz naturel,142834.34,200000,14283.43
2025-08-01,Charbon,139789.94,150000,12581.09
2025-08-01,Nucleaire,221799.54,300000,11089.98
2025-08-02,Solaire,21372.48,50000,1709.8
2025-08-02,Eolien,26377.78,80000,1846.44
2025-08-02,Hydro,85602.49,120000,5136.15
2025-08-02,Gaz naturel,136950.6,200000,13695.06
2025-08-02,Charbon,115621.63,150000,10405.95
2025-08-02,Nucleaire,238701.07,300000,11935.05
2025-08-03,Solaire,11836.6,50000,946.93
2025-08-03,Eolien,10432.77,80000,730.29
2025-08-03,Hydro,61965.54,120000,3717.93
2025-08-03,Gaz naturel,150159.83,200000,15015.98
2025-08-03,Charbon,88449.5,150000,7960.46
2025-08-03,Nucleaire,145413.28,300000,7270.66
2025-08-04,Solaire,23288.64,50000,1863.09
2025-08-04,Eolien,70090.79,80000,4906.36
2025-08-04,Hydro,83927.15,120000,5035.63
2025-08-04,Gaz naturel,156769.82,200000,15676.98
2025-08-04,Charbon,106227.44,150000,9560.47
2025-08-04,Nucleaire,207033.31,300000,10351.67
2025-08-05,Solaire,28461.0,50000,2276.88
2025-08-05,Eolien,26671.72,80000,1867.02
2025-08-05,Hydro,87208.71,120000,5232.52
2025-08-05,Gaz naturel,146433.96,200000,14643.4
2025-08-05,Charbon,94978.64,150000,8548.08
2025-08-05,Nucleaire,239761.27,300000,11988.06
2025-08-06,Solaire,17794.14,50000,1423.53
2025-08-06,Eolien,19410.38,80000,1358.73
2025-08-06,Hydro,90438.12,120000,5426.29
2025-08-06,Gaz naturel,122030.64,200000,12203.06
2025-08-06,Charbon,105422.72,150000,9488.04
2025-08-06,Nucleaire,209726.43,300000,10486.32
2025-08-07,Solaire,30087.48,50000,2407.0
2025-08-07,Eolien,38605.29,80000,2702.37
2025-08-07,Hydro,83699.68,120000,5021.98
2025-08-07,Gaz naturel,156355.33,200000,15635.53
2025-08-07,Charbon,125853.11,150000,11326.78
2025-08-07,Nucleaire,226734.31,300000,11336.72
2025-08-08,Solaire,19600.94,50000,1568.08
2025-08-08,Eolien,10735.35,80000,751.47
2025-08-08,Hydro,71218.64,120000,4273.12
2025-08-08,Gaz naturel,133895.51,200000,13389.55
2025-08-08,Charbon,95857.32,150000,8627.16
2025-08-08,Nucleaire,204390.86,300000,10219.54
2025-08-09,Solaire,20052.34,50000,1604.19
2025-08-09,Eolien,39463.21,80000,2762.42
2025-08-09,Hydro,83154.01,120000,4989.24
2025-08-09,Gaz naturel,149730.03,200000,14973.0
2025-08-09,Charbon,105967.12,150000,9537.04
2025-08-09,Nucleaire,150736.0,300000,7536.8
2025-08-10,Solaire,10341.48,50000,827.32
2025-08-10,Eolien,28952.23,80000,2026.66
2025-08-10,Hydro,69483.66,120000,4169.02
2025-08-10,Gaz naturel,151998.57,200000,15199.86
2025-08-10,Charbon,127961.26,150000,11516.51
2025-08-10,Nucleaire,246562.86,300000,12328.14
2025-08-11,Solaire,17418.93,50000,1393.51
2025-08-11,Eolien,54455.33,80000,3811.87
2025-08-11,Hydro,85784.01,120000,5147.04
2025-08-11,Gaz naturel,133258.28,200000,13325.83
2025-08-11,Charbon,95798.96,150000,8621.91
2025-08-11,Nucleaire,200925.91,300000,10046.3
2025-08-12,Solaire,15715.28,50000,1257.22
2025-08-12,Eolien,33858.49,80000,2370.09
2025-08-12,Hydro,85926.89,120000,5155.61
2025-08-12,Gaz naturel,140060.92,200000,14006.09
2025-08-12,Charbon,111554.07,150000,10039.87
2025-08-12,Nucleaire,245719.39,300000,12285.97
2025-08-13,Solaire,28758.15,50000,2300.65
2025-08-13,Eolien,8035.59,80000,562.49
2025-08-13,Hydro,53352.95,120000,3201.18
2025-08-13,Gaz naturel,158686.4,200000,15868.64
2025-08-13,Charbon,84496.82,150000,7604.71
2025-08-13,Nucleaire,203257.04,300000,10162.85
2025-08-14,Solaire,8091.4,50000,647.31
2025-08-14,Eolien,3089.11,80000,216.24
2025-08-14,Hydro,90497.55,120000,5429.85
2025-08-14,Gaz naturel,155183.1,200000,15518.31
2025-08-14,Charbon,96352.34,150000,8671.71
2025-08-14,Nucleaire,132268.73,300000,6613.44
2025-08-15,Solaire,14174.12,50000,1133.93
2025-08-15,Eolien,37312.14,80000,2611.85
2025-08-15,Hydro,66253.06,120000,3975.18
2025-08-15,Gaz naturel,143667.2,200000,14366.72
2025-08-15,Charbon,104770.35,150000,9429.33
2025-08-15,Nucleaire,227378.74,300000,11368.94
2025-08-16,Solaire,20665.91,50000,1653.27
2025-08-16,Eolien,16020.12,80000,1121.41
2025-08-16,Hydro,98358.86,120000,5901.53
2025-08-16,Gaz naturel,136829.41,200000,13682.94
2025-08-16,Charbon,104590.43,150000,9413.14
2025-08-16,Nucleaire,182001.96,300000,9100.1
2025-08-17,Solaire,15178.0,50000,1214.24
2025-08-17,Eolien,17397.08,80000,1217.8
2025-08-17,Hydro,81924.65,120000,4915.48
2025-08-17,Gaz naturel,174234.17,200000,17423.42
2025-08-17,Charbon,84421.48,150000,7597.93
2025-08-17,Nucleaire,161593.16,300000,8079.66
2025-08-18,Solaire,33843.91,50000,2707.51
2025-08-18,Eolien,27934.55,80000,1955.42
2025-08-18,Hydro,75971.13,120000,4558.27
2025-08-18,Gaz naturel,160798.09,200000,16079.81
2025-08-18,Charbon,95915.77,150000,8632.42
2025-08-18,Nucleaire,264780.29,300000,13239.01
2025-08-19,Solaire,26109.78,50000,2088.78
2025-08-19,Eolien,23588.58,80000,1651.2
2025-08-19,Hydro,109887.7,120000,6593.26
2025-08-19,Gaz naturel,127885.7,200000,12788.57
2025-08-19,Charbon,116131.43,150000,10451.83
2025-08-19,Nucleaire,218978.78,300000,10948.94
2025-08-20,Solaire,32191.98,50000,2575.36
2025-08-20,Eolien,55559.57,80000,3889.17
2025-08-20,Hydro,84384.05,120000,5063.04
2025-08-20,Gaz naturel,124931.64,200000,12493.16
2025-08-20,Charbon,111899.58,150000,10070.96
2025-08-20,Nucleaire,,300000,
2025-08-21,Solaire,39130.53,50000,3130.44
2025-08-21,Eolien,33329.95,80000,2333.1
2025-08-21,Hydro,79616.14,120000,4776.97
2025-08-21,Gaz naturel,-999.0,200000,14369.36
2025-08-21,Charbon,84793.11,150000,7631.38
2025-08-21,Nucleaire,180851.58,300000,9042.58
2025-08-22,Solaire,31204.04,50000,2496.32
2025-08-22,Eolien,20952.45,80000,1466.67
2025-08-22,Hydro,71437.07,120000,4286.22
2025-08-22,Gaz naturel,150733.06,200000,15073.31
2025-08-22,Charbon,122785.56,150000,11050.7
2025-08-22,Nucleaire,231568.6,300000,11578.43
2025-08-23,Solaire,29211.46,50000,2336.92
2025-08-23,Eolien,19394.0,80000,1357.58
2025-08-23,Hydro,66938.27,120000,4016.3
2025-08-23,Gaz naturel,170026.67,200000,17002.67
2025-08-23,Charbon,,150000,
2025-08-23,Nucleaire,202475.01,300000,10123.75
2025-08-24,Solaire,32449.89,50000,2595.99
2025-08-24,Eolien,39877.19,80000,2791.4
2025-08-24,Hydro,89470.65,120000,5368.24
2025-08-24,Gaz naturel,183300.05,200000,18330.0
2025-08-24,Charbon,95347.23,150000,8581.25
2025-08-24,Nucleaire,237835.2,300000,11891.76
2025-08-25,Solaire,-999.0,50000,1604.47
2025-08-25,Eolien,35390.04,80000,2477.3
2025-08-25,Hydro,102341.62,120000,6140.5
2025-08-25,Gaz naturel,150156.72,200000,15015.67
2025-08-25,Charbon,113074.44,150000,10176.7
2025-08-25,Nucleaire,242175.22,300000,12108.76
2025-08-26,Solaire,15941.71,50000,1275.34
2025-08-26,Eolien,18108.33,80000,1267.58
2025-08-26,Hydro,71462.29,120000,4287.74
2025-08-26,Gaz naturel,100672.87,200000,10067.29
2025-08-26,Charbon,135843.11,150000,12225.88
2025-08-26,Nucleaire,176903.75,300000,8845.19
2025-08-27,Solaire,17342.78,50000,1387.42
2025-08-27,Eolien,,80000,
2025-08-27,Hydro,87688.88,120000,5261.33
2025-08-27,Gaz naturel,156314.74,200000,15631.47
2025-08-27,Charbon,117907.1,150000,10611.64
2025-08-27,Nucleaire,192507.68,300000,9625.38
2025-08-28,Solaire,17870.56,50000,1429.65
2025-08-28,Eolien,35608.25,80000,2492.58
2025-08-28,Hydro,81015.71,120000,4860.94
2025-08-28,Gaz naturel,172146.91,200000,17214.69
2025-08-28,Charbon,112364.62,150000,10112.82
2025-08-28,Nucleaire,232046.33,300000,11602.32
2025-08-29,Solaire,25963.09,50000,2077.05
2025-08-29,Eolien,49506.19,80000,3465.43
2025-08-29,Hydro,86172.26,120000,5170.34
2025-08-29,Gaz naturel,114063.36,200000,11406.34
2025-08-29,Charbon,110995.32,150000,9989.58
2025-08-29,Nucleaire,190459.29,300000,9522.96
2025-08-30,Solaire,14345.99,50000,1147.68
2025-08-30,Eolien,40347.28,80000,2824.31
2025-08-30,Hydro,98859.4,120000,5931.56
2025-08-30,Gaz naturel,140425.43,200000,14042.54
2025-08-30,Charbon,109632.5,150000,9866.92
2025-08-30,Nucleaire,261066.45,300000,13053.32
2025-08-31,Solaire,21847.34,50000,1747.79
2025-08-31,Eolien,71786.26,80000,5025.04
2025-08-31,Hydro,90786.12,120000,5447.17
2025-08-31,Gaz naturel,104784.74,200000,10478.47
2025-08-31,Charbon,116300.12,150000,10467.01
2025-08-31,Nucleaire,221434.75,300000,11071.74
2025-09-01,Solaire,17271.2,50000,1381.7
2025-09-01,Eolien,22454.72,80000,1571.83
2025-09-01,Hydro,82338.53,120000,4940.31
2025-09-01,Gaz naturel,115514.04,200000,11551.4
2025-09-01,Charbon,101864.65,150000,9167.82
2025-09-01,Nucleaire,184484.39,300000,9224.22
2025-09-02,Solaire,7452.25,50000,596.18
2025-09-02,Eolien,21744.06,80000,1522.08
2025-09-02,Hydro,104038.85,120000,6242.33
2025-09-02,Gaz naturel,147893.43,200000,14789.34
2025-09-02,Charbon,87061.75,150000,7835.56
2025-09-02,Nucleaire,223338.08,300000,11166.9
2025-09-03,Solaire,16782.32,50000,1342.59
2025-09-03,Eolien,11677.82,80000,817.45
2025-09-03,Hydro,82391.79,120000,4943.51
2025-09-03,Gaz naturel,140293.76,200000,14029.38
2025-09-03,Charbon,93226.53,150000,8390.39
2025-09-03,Nucleaire,229448.41,300000,11472.42
2025-09-04,Solaire,9865.02,50000,789.2
2025-09-04,Eolien,20324.07,80000,1422.69
2025-09-04,Hydro,73350.09,120000,4401.01
2025-09-04,Gaz naturel,131250.83,200000,13125.08
2025-09-04,Charbon,115835.72,150000,10425.21
2025-09-04,Nucleaire,198815.01,300000,9940.75
2025-09-05,Solaire,19566.56,50000,1565.32
2025-09-05,Eolien,13443.06,80000,941.01
2025-09-05,Hydro,86696.22,120000,5201.77
2025-09-05,Gaz naturel,158651.82,200000,15865.18
2025-09-05,Charbon,83724.51,150000,7535.21
2025-09-05,Nucleaire,157175.74,300000,7858.79
2025-09-06,Solaire,2490.3,50000,199.22
2025-09-06,Eolien,27405.71,80000,1918.4
2025-09-06,Hydro,77377.7,120000,4642.66
2025-09-06,Gaz naturel,191163.99,200000,19116.4
2025-09-06,Charbon,96536.29,150000,8688.27
2025-09-06,Nucleaire,215536.54,300000,10776.83
2025-09-07,Solaire,18596.08,50000,1487.69
2025-09-07,Eolien,33651.18,80000,2355.58
2025-09-07,Hydro,108738.04,120000,6524.28
2025-09-07,Gaz naturel,164167.32,200000,16416.73
2025-09-07,Charbon,120360.94,150000,10832.48
2025-09-07,Nucleaire,227775.81,300000,11388.79
2025-09-08,Solaire,14586.4,50000,1166.91
2025-09-08,Eolien,12170.04,80000,851.9
2025-09-08,Hydro,74181.61,120000,4450.9
2025-09-08,Gaz naturel,139932.51,200000,13993.25
2025-09-08,Charbon,102447.23,150000,9220.25
2025-09-08,Nucleaire,196403.16,300000,9820.16
2025-09-09,Solaire,14156.03,50000,1132.48
2025-09-09,Eolien,24824.56,80000,1737.72
2025-09-09,Hydro,85060.88,120000,5103.65
2025-09-09,Gaz naturel,169550.6,200000,16955.06
2025-09-09,Charbon,87874.66,150000,7908.72
2025-09-09,Nucleaire,204190.22,300000,10209.51
2025-09-10,Solaire,6736.68,50000,538.93
2025-09-10,Eolien,1121.09,80000,78.48
2025-09-10,Hydro,83007.83,120000,4980.47
2025-09-10,Gaz naturel,137565.05,200000,13756.5
2025-09-10,Charbon,127701.75,150000,11493.16
2025-09-10,Nucleaire,228924.35,300000,11446.22
2025-09-11,Solaire,5123.02,50000,409.84
2025-09-11,Eolien,32374.38,80000,2266.21
2025-09-11,Hydro,98652.4,120000,5919.14
2025-09-11,Gaz naturel,151641.95,200000,15164.2
2025-09-11,Charbon,101602.74,150000,9144.25
2025-09-11,Nucleaire,181216.82,300000,9060.84
2025-09-12,Solaire,8545.91,50000,683.67
2025-09-12,Eolien,25945.49,80000,1816.18
2025-09-12,Hydro,106615.04,120000,6396.9
2025-09-12,Gaz naturel,170864.87,200000,17086.49
2025-09-12,Charbon,97667.26,150000,8790.05
2025-09-12,Nucleaire,176411.48,300000,8820.57
2025-09-13,Solaire,11239.65,50000,899.17
2025-09-13,Eolien,1945.11,80000,136.16
2025-09-13,Hydro,87878.01,120000,5272.68
2025-09-13,Gaz naturel,137047.95,200000,13704.79
2025-09-13,Charbon,98009.45,150000,8820.85
2025-09-13,Nucleaire,162158.91,300000,8107.95
2025-09-14,Solaire,13196.4,50000,1055.71
2025-09-14,Eolien,12325.31,80000,862.77
2025-09-14,Hydro,69961.0,120000,4197.66
2025-09-14,Gaz naturel,82554.76,200000,8255.48
2025-09-14,Charbon,104587.28,150000,9412.85
2025-09-14,Nucleaire,263167.55,300000,13158.38
2025-09-15,Solaire,19221.61,50000,1537.73
2025-09-15,Eolien,12960.39,80000,907.23
2025-09-15,Hydro,76773.46,120000,4606.41
2025-09-15,Gaz naturel,149375.49,200000,14937.55
2025-09-15,Charbon,90024.22,150000,8102.18
2025-09-15,Nucleaire,219053.76,300000,10952.69
2025-09-16,Solaire,14521.92,50000,1161.75
2025-09-16,Eolien,27106.24,80000,1897.44
2025-09-16,Hydro,82798.15,120000,4967.89
2025-09-16,Gaz naturel,135926.52,200000,13592.65
2025-09-16,Charbon,91830.26,150000,8264.72
2025-09-16,Nucleaire,185193.59,300000,9259.68
2025-09-17,Solaire,9310.99,50000,744.88
2025-09-17,Eolien,19885.87,80000,1392.01
2025-09-17,Hydro,94963.02,120000,5697.78
2025-09-17,Gaz naturel,123936.42,200000,12393.64
2025-09-17,Charbon,127390.33,150000,11465.13
2025-09-17,Nucleaire,201866.29,300000,10093.31
2025-09-18,Solaire,10387.82,50000,831.03
2025-09-18,Eolien,10523.42,80000,736.64
2025-09-18,Hydro,54909.12,120000,3294.55
2025-09-18,Gaz naturel,157680.91,200000,15768.09
2025-09-18,Charbon,116052.66,150000,10444.74
2025-09-18,Nucleaire,201560.17,300000,10078.01
2025-09-19,Solaire,10851.7,50000,868.14
2025-09-19,Eolien,21133.89,80000,1479.37
2025-09-19,Hydro,65249.45,120000,3914.97
2025-09-19,Gaz naturel,129418.95,200000,12941.89
2025-09-19,Charbon,116913.97,150000,10522.26
2025-09-19,Nucleaire,172371.32,300000,8618.57
2025-09-20,Solaire,12041.18,50000,963.29
2025-09-20,Eolien,5404.71,80000,378.33
2025-09-20,Hydro,89597.16,120000,5375.83
2025-09-20,Gaz naturel,139287.17,200000,13928.72
2025-09-20,Charbon,80773.02,150000,7269.57
2025-09-20,Nucleaire,244942.18,300000,12247.11
2025-09-21,Solaire,6643.39,50000,531.47
2025-09-21,Eolien,9993.88,80000,699.57
2025-09-21,Hydro,86406.83,120000,5184.41
2025-09-21,Gaz naturel,162972.75,200000,16297.27
2025-09-21,Charbon,89762.67,150000,8078.64
2025-09-21,Nucleaire,211850.4,300000,10592.52
2025-09-22,Solaire,12751.29,50000,1020.1
2025-09-22,Eolien,22622.09,80000,1583.55
2025-09-22,Hydro,86117.3,120000,5167.04
2025-09-22,Gaz naturel,132659.44,200000,13265.94
2025-09-22,Charbon,92586.15,150000,8332.75
2025-09-22,Nucleaire,212584.32,300000,10629.22
2025-09-23,Solaire,4871.27,50000,389.7
2025-09-23,Eolien,0.0,80000,0.0
2025-09-23,Hydro,89238.72,120000,5354.32
2025-09-23,Gaz naturel,158078.7,200000,15807.87
2025-09-23,Charbon,69556.01,150000,6260.04
2025-09-23,Nucleaire,179708.08,300000,8985.4
2025-09-24,Solaire,13750.56,50000,1100.04
2025-09-24,Eolien,34082.96,80000,2385.81
2025-09-24,Hydro,84249.52,120000,5054.97
2025-09-24,Gaz naturel,125439.94,200000,12543.99
2025-09-24,Charbon,102256.55,150000,9203.09
2025-09-24,Nucleaire,251246.29,300000,12562.31
2025-09-25,Solaire,7108.69,50000,568.7
2025-09-25,Eolien,10086.79,80000,706.08
2025-09-25,Hydro,78207.08,120000,4692.42
2025-09-25,Gaz naturel,120933.43,200000,12093.34
2025-09-25,Charbon,106840.05,150000,9615.6
2025-09-25,Nucleaire,258740.35,300000,12937.02
2025-09-26,Solaire,12196.17,50000,975.69
2025-09-26,Eolien,14680.23,80000,1027.62
2025-09-26,Hydro,80498.26,120000,4829.9
2025-09-26,Gaz naturel,108736.18,200000,10873.62
2025-09-26,Charbon,118246.65,150000,10642.2
2025-09-26,Nucleaire,207664.88,300000,10383.24
2025-09-27,Solaire,9552.48,50000,764.2
2025-09-27,Eolien,43622.1,80000,3053.55
2025-09-27,Hydro,87585.03,120000,5255.1
2025-09-27,Gaz naturel,124964.18,200000,12496.42
2025-09-27,Charbon,98604.64,150000,8874.42
2025-09-27,Nucleaire,244453.37,300000,12222.67
2025-09-28,Solaire,11094.67,50000,887.57
2025-09-28,Eolien,4718.46,80000,330.29
2025-09-28,Hydro,95030.75,120000,5701.84
2025-09-28,Gaz naturel,126637.12,200000,12663.71
2025-09-28,Charbon,-999.0,150000,11978.95
2025-09-28,Nucleaire,242401.44,300000,12120.07
2025-09-29,Solaire,8151.56,50000,652.12
2025-09-29,Eolien,27560.54,80000,1929.24
2025-09-29,Hydro,84814.27,120000,5088.86
2025-09-29,Gaz naturel,157055.47,200000,15705.55
2025-09-29,Charbon,112270.99,150000,10104.39
2025-09-29,Nucleaire,184609.3,300000,9230.47
2025-09-30,Solaire,7121.36,50000,569.71
2025-09-30,Eolien,25451.67,80000,1781.62
2025-09-30,Hydro,79982.7,120000,4798.96
2025-09-30,Gaz naturel,131927.03,200000,13192.7
2025-09-30,Charbon,90673.16,150000,8160.58
2025-09-30,Nucleaire,222707.97,300000,11135.4
2025-10-01,Solaire,21328.26,50000,1706.26
2025-10-01,Eolien,7832.72,80000,548.29
2025-10-01,Hydro,84290.63,120000,5057.44
2025-10-01,Gaz naturel,168244.41,200000,16824.44
2025-10-01,Charbon,103805.38,150000,9342.48
2025-10-01,Nucleaire,223571.15,300000,11178.56
2025-10-02,Solaire,4922.43,50000,393.79
2025-10-02,Eolien,20397.78,80000,1427.84
2025-10-02,Hydro,81754.27,120000,4905.26
2025-10-02,Gaz naturel,159714.6,200000,15971.46
2025-10-02,Charbon,122810.79,150000,11052.97
2025-10-02,Nucleaire,287686.91,300000,14384.35
2025-10-03,Solaire,13543.07,50000,1083.45
2025-10-03,Eolien,19536.69,80000,1367.57
2025-10-03,Hydro,86332.61,120000,5179.96
2025-10-03,Gaz naturel,132936.67,200000,13293.67
2025-10-03,Charbon,110077.26,150000,9906.95
2025-10-03,Nucleaire,201137.96,300000,10056.9
2025-10-04,Solaire,11384.42,50000,910.75
2025-10-04,Eolien,27867.82,80000,1950.75
2025-10-04,Hydro,71921.49,120000,4315.29
2025-10-04,Gaz naturel,162797.57,200000,16279.76
2025-10-04,Charbon,124756.73,150000,11228.11
2025-10-04,Nucleaire,206457.94,300000,10322.9
2025-10-05,Solaire,0.0,50000,0.0
2025-10-05,Eolien,11694.3,80000,818.6
2025-10-05,Hydro,99563.93,120000,5973.84
2025-10-05,Gaz naturel,139542.64,200000,13954.26
2025-10-05,Charbon,90010.47,150000,8100.94
2025-10-05,Nucleaire,194856.75,300000,9742.84
2025-10-06,Solaire,14913.26,50000,1193.06
2025-10-06,Eolien,21392.56,80000,1497.48
2025-10-06,Hydro,81132.81,120000,4867.97
2025-10-06,Gaz naturel,132663.51,200000,13266.35
2025-10-06,Charbon,99123.63,150000,8921.13
2025-10-06,Nucleaire,182327.69,300000,9116.38
2025-10-07,Solaire,18980.72,50000,1518.46
2025-10-07,Eolien,14092.51,80000,986.48
2025-10-07,Hydro,98605.9,120000,5916.35
2025-10-07,Gaz naturel,170426.32,200000,17042.63
2025-10-07,Charbon,119974.66,150000,10797.72
2025-10-07,Nucleaire,197051.39,300000,9852.57
2025-10-08,Solaire,12619.58,50000,1009.57
2025-10-08,Eolien,16596.76,80000,1161.77
2025-10-08,Hydro,73155.58,120000,4389.33
2025-10-08,Gaz naturel,146487.19,200000,14648.72
2025-10-08,Charbon,87314.4,150000,7858.3
2025-10-08,Nucleaire,245630.38,300000,12281.52
2025-10-09,Solaire,8060.76,50000,644.86
2025-10-09,Eolien,18489.74,80000,1294.28
2025-10-09,Hydro,87399.45,120000,5243.97
2025-10-09,Gaz naturel,134821.9,200000,13482.19
2025-10-09,Charbon,113800.41,150000,10242.04
2025-10-09,Nucleaire,195752.89,300000,9787.64
2025-10-10,Solaire,15074.31,50000,1205.94
2025-10-10,Eolien,5493.77,80000,384.56
2025-10-10,Hydro,85516.55,120000,5130.99
2025-10-10,Gaz naturel,178778.58,200000,17877.86
2025-10-10,Charbon,89995.03,150000,8099.55
2025-10-10,Nucleaire,189667.65,300000,9483.38
2025-10-11,Solaire,13198.02,50000,1055.84
2025-10-11,Eolien,18308.49,80000,1281.59
2025-10-11,Hydro,88207.56,120000,5292.45
2025-10-11,Gaz naturel,149783.74,200000,14978.37
2025-10-11,Charbon,114520.82,150000,10306.87
2025-10-11,Nucleaire,243291.0,300000,12164.55
2025-10-12,Solaire,12651.55,50000,1012.12
2025-10-12,Eolien,14773.44,80000,1034.14
2025-10-12,Hydro,92070.88,120000,5524.25
2025-10-12,Gaz naturel,177997.64,200000,17799.76
2025-10-12,Charbon,103010.49,150000,9270.94
2025-10-12,Nucleaire,180764.12,300000,9038.21
2025-10-13,Solaire,16312.17,50000,1304.97
2025-10-13,Eolien,15788.8,80000,1105.22
2025-10-13,Hydro,57927.97,120000,3475.68
2025-10-13,Gaz naturel,156948.43,200000,15694.84
2025-10-13,Charbon,96970.08,150000,8727.31
2025-10-13,Nucleaire,207284.0,300000,10364.2
2025-10-14,Solaire,12242.9,50000,979.43
2025-10-14,Eolien,18400.2,80000,1288.01
2025-10-14,Hydro,92513.42,120000,5550.81
2025-10-14,Gaz naturel,131290.27,200000,13129.03
2025-10-14,Charbon,112696.59,150000,10142.69
2025-10-14,Nucleaire,202213.6,300000,10110.68
2025-10-15,Solaire,14378.76,50000,1150.3
2025-10-15,Eolien,21969.09,80000,1537.84
2025-10-15,Hydro,72774.74,120000,4366.48
2025-10-15,Gaz naturel,161719.64,200000,16171.96
2025-10-15,Charbon,96960.55,150000,8726.45
2025-10-15,Nucleaire,234241.73,300000,11712.09
2025-10-16,Solaire,12428.26,50000,994.26
2025-10-16,Eolien,32240.74,80000,2256.85
2025-10-16,Hydro,81318.41,120000,4879.1
2025-10-16,Gaz naturel,133013.66,200000,13301.37
2025-10-16,Charbon,104708.71,150000,9423.78
2025-10-16,Nucleaire,200904.61,300000,10045.23
2025-10-17,Solaire,14699.69,50000,1175.98
2025-10-17,Eolien,3222.99,80000,225.61
2025-10-17,Hydro,71355.81,120000,4281.35
2025-10-17,Gaz naturel,118643.94,200000,11864.39
2025-10-17,Charbon,,150000,
2025-10-17,Nucleaire,261318.4,300000,13065.92
2025-10-18,Solaire,9951.64,50000,796.13
2025-10-18,Eolien,15381.9,80000,1076.73
2025-10-18,Hydro,84840.63,120000,5090.44
2025-10-18,Gaz naturel,163237.57,200000,16323.76
2025-10-18,Charbon,91089.7,150000,8198.07
2025-10-18,Nucleaire,217151.07,300000,10857.55
2025-10-19,Solaire,15619.79,50000,1249.58
2025-10-19,Eolien,21009.19,80000,1470.64
2025-10-19,Hydro,86274.98,120000,5176.5
2025-10-19,Gaz naturel,160020.92,200000,16002.09
2025-10-19,Charbon,64451.52,150000,5800.64
2025-10-19,Nucleaire,230336.26,300000,11516.81
2025-10-20,Solaire,7066.1,50000,565.29
2025-10-20,Eolien,1422.68,80000,99.59
2025-10-20,Hydro,90134.43,120000,5408.07
2025-10-20,Gaz naturel,167473.17,200000,16747.32
2025-10-20,Charbon,102938.27,150000,9264.44
2025-10-20,Nucleaire,238586.24,300000,11929.31
2025-10-21,Solaire,18964.46,50000,1517.16
2025-10-21,Eolien,27845.28,80000,1949.17
2025-10-21,Hydro,103679.57,120000,6220.77
2025-10-21,Gaz naturel,154842.55,200000,15484.25
2025-10-21,Charbon,106131.5,150000,9551.84
2025-10-21,Nucleaire,161941.03,300000,8097.05
2025-10-22,Solaire,9208.17,50000,736.65
2025-10-22,Eolien,9716.73,80000,680.17
2025-10-22,Hydro,110051.31,120000,6603.08
2025-10-22,Gaz naturel,136482.28,200000,13648.23
2025-10-22,Charbon,106848.07,150000,9616.33
2025-10-22,Nucleaire,226544.56,300000,11327.23
2025-10-23,Solaire,10728.91,50000,858.31
2025-10-23,Eolien,31038.43,80000,2172.69
2025-10-23,Hydro,76528.21,120000,4591.69
2025-10-23,Gaz naturel,143892.15,200000,14389.21
2025-10-23,Charbon,93862.94,150000,8447.66
2025-10-23,Nucleaire,170399.32,300000,8519.97
2025-10-24,Solaire,7288.21,50000,583.06
2025-10-24,Eolien,16488.89,80000,1154.22
2025-10-24,Hydro,78848.37,120000,4730.9
2025-10-24,Gaz naturel,126151.58,200000,12615.16
2025-10-24,Charbon,83905.24,150000,7551.47
2025-10-24,Nucleaire,207506.83,300000,10375.34
2025-10-25,Solaire,2600.22,50000,208.02
2025-10-25,Eolien,23184.47,80000,1622.91
2025-10-25,Hydro,84989.28,120000,5099.36
2025-10-25,Gaz naturel,110848.97,200000,11084.9
2025-10-25,Charbon,100361.86,150000,9032.57
2025-10-25,Nucleaire,187435.31,300000,9371.77
2025-10-26,Solaire,12175.67,50000,974.05
2025-10-26,Eolien,28059.78,80000,1964.18
2025-10-26,Hydro,-999.0,120000,3689.88
2025-10-26,Gaz naturel,142300.52,200000,14230.05
2025-10-26,Charbon,102598.01,150000,9233.82
2025-10-26,Nucleaire,230140.2,300000,11507.01
2025-10-27,Solaire,11619.28,50000,929.54
2025-10-27,Eolien,10483.46,80000,733.84
2025-10-27,Hydro,80171.35,120000,4810.28
2025-10-27,Gaz naturel,124079.48,200000,12407.95
2025-10-27,Charbon,121140.11,150000,10902.61
2025-10-27,Nucleaire,210639.35,300000,10531.97
2025-10-28,Solaire,20481.25,50000,1638.5
2025-10-28,Eolien,16290.45,80000,1140.33
2025-10-28,Hydro,75499.12,120000,4529.95
2025-10-28,Gaz naturel,109725.71,200000,10972.57
2025-10-28,Charbon,77952.9,150000,7015.76
2025-10-28,Nucleaire,162475.92,300000,8123.8
2025-10-29,Solaire,11902.41,50000,952.19
2025-10-29,Eolien,,80000,
2025-10-29,Hydro,65025.71,120000,3901.54
2025-10-29,Gaz naturel,157900.77,200000,15790.08
2025-10-29,Charbon,97754.08,150000,8797.87
2025-10-29,Nucleaire,214403.79,300000,10720.19
2025-10-30,Solaire,18964.16,50000,1517.13
2025-10-30,Eolien,24333.45,80000,1703.34
2025-10-30,Hydro,80777.63,120000,4846.66
2025-10-30,Gaz naturel,122176.16,200000,12217.62
2025-10-30,Charbon,72722.77,150000,6545.05
2025-10-30,Nucleaire,188425.4,300000,9421.27
2025-10-31,Solaire,9391.57,50000,751.33
2025-10-31,Eolien,8507.69,80000,595.54
2025-10-31,Hydro,82424.92,120000,4945.49
2025-10-31,Gaz naturel,141537.04,200000,14153.7
2025-10-31,Charbon,101627.16,150000,9146.44
2025-10-31,Nucleaire,190499.92,300000,9525.0
2025-11-01,Solaire,11385.44,50000,910.83
2025-11-01,Eolien,20512.3,80000,1435.86
2025-11-01,Hydro,70915.21,120000,4254.91
2025-11-01,Gaz naturel,168218.65,200000,16821.86
2025-11-01,Charbon,103521.18,150000,9316.91
2025-11-01,Nucleaire,210565.49,300000,10528.27
2025-11-02,Solaire,14218.13,50000,1137.45
2025-11-02,Eolien,18759.02,80000,1313.13
2025-11-02,Hydro,95437.64,120000,5726.26
2025-11-02,Gaz naturel,145742.48,200000,14574.25
2025-11-02,Charbon,95813.44,150000,8623.21
2025-11-02,Nucleaire,220845.11,300000,11042.26
2025-11-03,Solaire,,50000,
2025-11-03,Eolien,17711.9,80000,1239.83
2025-11-03,Hydro,83601.24,120000,5016.07
2025-11-03,Gaz naturel,135837.66,200000,13583.77
2025-11-03,Charbon,103071.94,150000,9276.47
2025-11-03,Nucleaire,153544.53,300000,7677.23
2025-11-04,Solaire,7619.19,50000,609.54
2025-11-04,Eolien,17579.9,80000,1230.59
2025-11-04,Hydro,85918.28,120000,5155.1
2025-11-04,Gaz naturel,119446.5,200000,11944.65
2025-11-04,Charbon,123985.62,150000,11158.71
2025-11-04,Nucleaire,184014.75,300000,9200.74
2025-11-05,Solaire,15589.65,50000,1247.17
2025-11-05,Eolien,20388.43,80000,1427.19
2025-11-05,Hydro,76245.27,120000,4574.72
2025-11-05,Gaz naturel,175506.22,200000,17550.62
2025-11-05,Charbon,87095.45,150000,7838.59
2025-11-05,Nucleaire,237574.63,300000,11878.73
2025-11-06,Solaire,15753.06,50000,1260.24
2025-11-06,Eolien,11166.79,80000,781.68
2025-11-06,Hydro,100709.58,120000,6042.58
2025-11-06,Gaz naturel,134999.07,200000,13499.91
2025-11-06,Charbon,109330.4,150000,9839.74
2025-11-06,Nucleaire,217809.66,300000,10890.48
2025-11-07,Solaire,9794.88,50000,783.59
2025-11-07,Eolien,23610.79,80000,1652.76
2025-11-07,Hydro,93521.86,120000,5611.31
2025-11-07,Gaz naturel,105029.36,200000,10502.94
2025-11-07,Charbon,124565.1,150000,11210.86
2025-11-07,Nucleaire,160125.24,300000,8006.26
2025-11-08,Solaire,15920.87,50000,1273.67
2025-11-08,Eolien,26264.32,80000,1838.5
2025-11-08,Hydro,70908.4,120000,4254.5
2025-11-08,Gaz naturel,131783.71,200000,13178.37
2025-11-08,Charbon,88414.43,150000,7957.3
2025-11-08,Nucleaire,203552.37,300000,10177.62
2025-11-09,Solaire,8882.82,50000,710.63
2025-11-09,Eolien,23349.15,80000,1634.44
2025-11-09,Hydro,,120000,
2025-11-09,Gaz naturel,167913.68,200000,16791.37
2025-11-09,Charbon,96567.48,150000,8691.07
2025-11-09,Nucleaire,203723.34,300000,10186.17
2025-11-10,Solaire,1661.95,50000,132.96
2025-11-10,Eolien,10030.69,80000,702.15
2025-11-10,Hydro,95578.22,120000,5734.69
2025-11-10,Gaz naturel,172311.66,200000,17231.17
2025-11-10,Charbon,86484.77,150000,7783.63
2025-11-10,Nucleaire,192226.07,300000,9611.3
2025-11-11,Solaire,10361.37,50000,828.91
2025-11-11,Eolien,19153.35,80000,1340.73
2025-11-11,Hydro,74284.76,120000,4457.09
2025-11-11,Gaz naturel,148481.22,200000,14848.12
2025-11-11,Charbon,97892.41,150000,8810.32
2025-11-11,Nucleaire,209566.43,300000,10478.32
2025-11-12,Solaire,13367.99,50000,1069.44
2025-11-12,Eolien,16853.95,80000,1179.78
2025-11-12,Hydro,78763.37,120000,4725.8
2025-11-12,Gaz naturel,137807.8,200000,13780.78
2025-11-12,Charbon,103674.56,150000,9330.71
2025-11-12,Nucleaire,198899.67,300000,9944.98
2025-11-13,Solaire,9141.32,50000,731.31
2025-11-13,Eolien,30228.64,80000,2116.0
2025-11-13,Hydro,90731.03,120000,5443.86
2025-11-13,Gaz naturel,134090.39,200000,13409.04
2025-11-13,Charbon,115454.32,150000,10390.89
2025-11-13,Nucleaire,199985.42,300000,9999.27
2025-11-14,Solaire,16658.9,50000,1332.71
2025-11-14,Eolien,19904.99,80000,1393.35
2025-11-14,Hydro,82712.37,120000,4962.74
2025-11-14,Gaz naturel,148954.34,200000,14895.43
2025-11-14,Charbon,81436.86,150000,7329.32
2025-11-14,Nucleaire,176196.98,300000,8809.85
2025-11-15,Solaire,4231.89,50000,338.55
2025-11-15,Eolien,18000.72,80000,1260.05
2025-11-15,Hydro,104790.18,120000,6287.41
2025-11-15,Gaz naturel,184626.0,200000,18462.6
2025-11-15,Charbon,114570.77,150000,10311.37
2025-11-15,Nucleaire,225025.33,300000,11251.27
2025-11-16,Solaire,1044.45,50000,83.56
2025-11-16,Eolien,12241.54,80000,856.91
2025-11-16,Hydro,74546.59,120000,4472.8
2025-11-16,Gaz naturel,127583.05,200000,12758.3
2025-11-16,Charbon,102477.84,150000,9223.01
2025-11-16,Nucleaire,195837.28,300000,9791.86
2025-11-17,Solaire,108.68,50000,8.69
2025-11-17,Eolien,23082.45,80000,1615.77
2025-11-17,Hydro,71127.08,120000,4267.63
2025-11-17,Gaz naturel,144784.94,200000,14478.49
2025-11-17,Charbon,136111.24,150000,12250.01
2025-11-17,Nucleaire,182418.46,300000,9120.92
2025-11-18,Solaire,0.0,50000,0.0
2025-11-18,Eolien,14397.56,80000,1007.83
2025-11-18,Hydro,97211.52,120000,5832.69
2025-11-18,Gaz naturel,179166.95,200000,17916.69
2025-11-18,Charbon,86556.76,150000,7790.11
2025-11-18,Nucleaire,224900.98,300000,11245.05
2025-11-19,Solaire,8057.12,50000,644.57
2025-11-19,Eolien,15910.03,80000,1113.7
2025-11-19,Hydro,115732.12,120000,6943.93
2025-11-19,Gaz naturel,109940.59,200000,10994.06
2025-11-19,Charbon,108806.09,150000,9792.55
2025-11-19,Nucleaire,224030.8,300000,11201.54
2025-11-20,Solaire,16200.38,50000,1296.03
2025-11-20,Eolien,17623.06,80000,1233.61
2025-11-20,Hydro,87696.61,120000,5261.8
2025-11-20,Gaz naturel,132167.03,200000,13216.7
2025-11-20,Charbon,109036.9,150000,9813.32
2025-11-20,Nucleaire,199704.23,300000,9985.21
2025-11-21,Solaire,13763.25,50000,1101.06
2025-11-21,Eolien,13695.27,80000,958.67
2025-11-21,Hydro,88525.2,120000,5311.51
2025-11-21,Gaz naturel,139414.74,200000,13941.47
2025-11-21,Charbon,121890.75,150000,10970.17
2025-11-21,Nucleaire,208458.19,300000,10422.91
2025-11-22,Solaire,1191.58,50000,95.33
2025-11-22,Eolien,27400.14,80000,1918.01
2025-11-22,Hydro,73131.21,120000,4387.87
2025-11-22,Gaz naturel,126924.67,200000,12692.47
2025-11-22,Charbon,96065.08,150000,8645.86
2025-11-22,Nucleaire,251233.14,300000,12561.66
2025-11-23,Solaire,0.0,50000,0.0
2025-11-23,Eolien,43157.09,80000,3021.0
2025-11-23,Hydro,96672.68,120000,5800.36
2025-11-23,Gaz naturel,144464.78,200000,14446.48
2025-11-23,Charbon,104176.59,150000,9375.89
2025-11-23,Nucleaire,,300000,
2025-11-24,Solaire,13235.89,50000,1058.87
2025-11-24,Eolien,22219.81,80000,1555.39
2025-11-24,Hydro,90667.25,120000,5440.04
2025-11-24,Gaz naturel,141791.61,200000,14179.16
2025-11-24,Charbon,102039.92,150000,9183.59
2025-11-24,Nucleaire,205461.8,300000,10273.09
2025-11-25,Solaire,9476.73,50000,758.14
2025-11-25,Eolien,26323.67,80000,1842.66
2025-11-25,Hydro,91122.68,120000,5467.36
2025-11-25,Gaz naturel,81192.23,200000,8119.22
2025-11-25,Charbon,114838.51,150000,10335.47
2025-11-25,Nucleaire,215842.09,300000,10792.1
2025-11-26,Solaire,10401.78,50000,832.14
2025-11-26,Eolien,13536.44,80000,947.55
2025-11-26,Hydro,97489.35,120000,5849.36
2025-11-26,Gaz naturel,158950.53,200000,15895.05
2025-11-26,Charbon,,150000,
2025-11-26,Nucleaire,222211.57,300000,11110.58
2025-11-27,Solaire,5398.8,50000,431.9
2025-11-27,Eolien,5211.21,80000,364.78
2025-11-27,Hydro,76479.39,120000,4588.76
2025-11-27,Gaz naturel,157247.87,200000,15724.79
2025-11-27,Charbon,119296.88,150000,10736.72
2025-11-27,Nucleaire,225392.56,300000,11269.63
2025-11-28,Solaire,14306.75,50000,1144.54
2025-11-28,Eolien,21135.9,80000,1479.51
2025-11-28,Hydro,76302.22,120000,4578.13
2025-11-28,Gaz naturel,148638.45,200000,14863.85
2025-11-28,Charbon,117006.14,150000,10530.55
2025-11-28,Nucleaire,232628.74,300000,11631.44
2025-11-29,Solaire,16741.8,50000,1339.34
2025-11-29,Eolien,22749.75,80000,1592.48
2025-11-29,Hydro,88217.38,120000,5293.04
2025-11-29,Gaz naturel,161403.0,200000,16140.3
2025-11-29,Charbon,104602.18,150000,9414.2
2025-11-29,Nucleaire,183543.76,300000,9177.19
2025-11-30,Solaire,9643.9,50000,771.51
2025-11-30,Eolien,10542.82,80000,738.0
2025-11-30,Hydro,75897.86,120000,4553.87
2025-11-30,Gaz naturel,137109.63,200000,13710.96
2025-11-30,Charbon,93113.7,150000,8380.23
2025-11-30,Nucleaire,200761.15,300000,10038.06
2025-12-01,Solaire,558.52,50000,44.68
2025-12-01,Eolien,18591.67,80000,1301.42
2025-12-01,Hydro,84014.47,120000,5040.87
2025-12-01,Gaz naturel,123658.23,200000,12365.82
2025-12-01,Charbon,114888.69,150000,10339.98
2025-12-01,Nucleaire,238127.1,300000,11906.36
2025-12-02,Solaire,2060.31,50000,164.82
2025-12-02,Eolien,10393.11,80000,727.52
2025-12-02,Hydro,74770.29,120000,4486.22
2025-12-02,Gaz naturel,121201.94,200000,12120.19
2025-12-02,Charbon,117442.12,150000,10569.79
2025-12-02,Nucleaire,204185.22,300000,10209.26
2025-12-03,Solaire,9111.3,50000,728.9
2025-12-03,Eolien,0.0,80000,0.0
2025-12-03,Hydro,91625.02,120000,5497.5
2025-12-03,Gaz naturel,115214.83,200000,11521.48
2025-12-03,Charbon,105898.99,150000,9530.91
2025-12-03,Nucleaire,218321.31,300000,10916.07
2025-12-04,Solaire,17643.46,50000,1411.48
2025-12-04,Eolien,5805.91,80000,406.41
2025-12-04,Hydro,47765.85,120000,2865.95
2025-12-04,Gaz naturel,143676.99,200000,14367.7
2025-12-04,Charbon,132007.67,150000,11880.69
2025-12-04,Nucleaire,247168.39,300000,12358.42
2025-12-05,Solaire,11600.71,50000,928.06
2025-12-05,Eolien,12670.26,80000,886.92
2025-12-05,Hydro,93685.47,120000,5621.13
2025-12-05,Gaz naturel,120529.08,200000,12052.91
2025-12-05,Charbon,112145.37,150000,10093.08
2025-12-05,Nucleaire,225164.1,300000,11258.21
2025-12-06,Solaire,16066.1,50000,1285.29
2025-12-06,Eolien,39981.14,80000,2798.68
2025-12-06,Hydro,88708.99,120000,5322.54
2025-12-06,Gaz naturel,129820.73,200000,12982.07
2025-12-06,Charbon,104616.39,150000,9415.47
2025-12-06,Nucleaire,156927.72,300000,7846.39
2025-12-07,Solaire,6852.76,50000,548.22
2025-12-07,Eolien,13362.03,80000,935.34
2025-12-07,Hydro,77710.94,120000,4662.66
2025-12-07,Gaz naturel,143047.1,200000,14304.71
2025-12-07,Charbon,92663.7,150000,8339.73
2025-12-07,Nucleaire,243630.92,300000,12181.55
2025-12-08,Solaire,10501.09,50000,840.09
2025-12-08,Eolien,16721.88,80000,1170.53
2025-12-08,Hydro,80065.26,120000,4803.92
2025-12-08,Gaz naturel,143103.81,200000,14310.38
2025-12-08,Charbon,,150000,
2025-12-08,Nucleaire,-999.0,300000,9199.3
2025-12-09,Solaire,7044.89,50000,563.59
2025-12-09,Eolien,14248.7,80000,997.41
2025-12-09,Hydro,67849.55,120000,4070.97
2025-12-09,Gaz naturel,123614.84,200000,12361.48
2025-12-09,Charbon,97856.69,150000,8807.1
2025-12-09,Nucleaire,236231.68,300000,11811.58
2025-12-10,Solaire,11878.45,50000,950.28
2025-12-10,Eolien,18426.16,80000,1289.83
2025-12-10,Hydro,94210.78,120000,5652.65
2025-12-10,Gaz naturel,137252.56,200000,13725.26
2025-12-10,Charbon,110856.97,150000,9977.13
2025-12-10,Nucleaire,206903.35,300000,10345.17
2025-12-11,Solaire,11893.15,50000,951.45
2025-12-11,Eolien,11904.83,80000,833.34
2025-12-11,Hydro,54734.19,120000,3284.05
2025-12-11,Gaz naturel,137314.42,200000,13731.44
2025-12-11,Charbon,126341.22,150000,11370.71
2025-12-11,Nucleaire,237786.46,300000,11889.32
2025-12-12,Solaire,15568.34,50000,1245.47
2025-12-12,Eolien,27183.5,80000,1902.84
2025-12-12,Hydro,85063.89,120000,5103.83
2025-12-12,Gaz naturel,143946.31,200000,14394.63
2025-12-12,Charbon,95735.22,150000,8616.17
2025-12-12,Nucleaire,200517.81,300000,10025.89
2025-12-13,Solaire,13732.8,50000,1098.62
2025-12-13,Eolien,26912.63,80000,1883.88
2025-12-13,Hydro,82326.64,120000,4939.6
2025-12-13,Gaz naturel,130996.21,200000,13099.62
2025-12-13,Charbon,105007.92,150000,9450.71
2025-12-13,Nucleaire,228036.2,300000,11401.81
2025-12-14,Solaire,2919.76,50000,233.58
2025-12-14,Eolien,0.0,80000,0.0
2025-12-14,Hydro,77393.56,120000,4643.61
2025-12-14,Gaz naturel,115585.75,200000,11558.58
2025-12-14,Charbon,97377.9,150000,8764.01
2025-12-14,Nucleaire,205566.59,300000,10278.33
2025-12-15,Solaire,8120.45,50000,649.64
2025-12-15,Eolien,29000.73,80000,2030.05
2025-12-15,Hydro,87920.94,120000,5275.26
2025-12-15,Gaz naturel,146009.49,200000,14600.95
2025-12-15,Charbon,114333.11,150000,10289.98
2025-12-15,Nucleaire,175835.01,300000,8791.75
2025-12-16,Solaire,15955.34,50000,1276.43
2025-12-16,Eolien,16163.58,80000,1131.45
2025-12-16,Hydro,92045.77,120000,5522.75
2025-12-16,Gaz naturel,118562.86,200000,11856.29
2025-12-16,Charbon,81693.62,150000,7352.43
2025-12-16,Nucleaire,234536.69,300000,11726.83
2025-12-17,Solaire,12476.15,50000,998.09
2025-12-17,Eolien,9222.77,80000,645.59
2025-12-17,Hydro,73564.04,120000,4413.84
2025-12-17,Gaz naturel,162508.7,200000,16250.87
2025-12-17,Charbon,87158.82,150000,7844.29
2025-12-17,Nucleaire,259280.19,300000,12964.01
2025-12-18,Solaire,5771.74,50000,461.74
2025-12-18,Eolien,22162.49,80000,1551.37
2025-12-18,Hydro,80056.58,120000,4803.39
2025-12-18,Gaz naturel,152063.75,200000,15206.37
2025-12-18,Charbon,96838.29,150000,8715.45
2025-12-18,Nucleaire,205116.21,300000,10255.81
2025-12-19,Solaire,,50000,
2025-12-19,Eolien,8381.63,80000,586.71
2025-12-19,Hydro,92889.89,120000,5573.39
2025-12-19,Gaz naturel,129735.73,200000,12973.57
2025-12-19,Charbon,101571.0,150000,9141.39
2025-12-19,Nucleaire,180169.52,300000,9008.48
2025-12-20,Solaire,0.0,50000,0.0
2025-12-20,Eolien,15195.37,80000,1063.68
2025-12-20,Hydro,,120000,
2025-12-20,Gaz naturel,155692.09,200000,15569.21
2025-12-20,Charbon,,150000,
2025-12-20,Nucleaire,202113.28,300000,10105.66
2025-12-21,Solaire,10617.95,50000,849.44
2025-12-21,Eolien,21395.8,80000,1497.71
2025-12-21,Hydro,,120000,
2025-12-21,Gaz naturel,162286.43,200000,16228.64
2025-12-21,Charbon,115730.72,150000,10415.76
2025-12-21,Nucleaire,231545.57,300000,11577.28
2025-12-22,Solaire,12802.0,50000,1024.16
2025-12-22,Eolien,16964.78,80000,1187.53
2025-12-22,Hydro,92074.33,120000,5524.46
2025-12-22,Gaz naturel,151836.28,200000,15183.63
2025-12-22,Charbon,99689.39,150000,8972.05
2025-12-22,Nucleaire,192791.95,300000,9639.6
2025-12-23,Solaire,11034.75,50000,882.78
2025-12-23,Eolien,29811.77,80000,2086.82
2025-12-23,Hydro,69130.72,120000,4147.84
2025-12-23,Gaz naturel,110649.49,200000,11064.95
2025-12-23,Charbon,107471.41,150000,9672.43
2025-12-23,Nucleaire,211526.63,300000,10576.33
2025-12-24,Solaire,11410.04,50000,912.8
2025-12-24,Eolien,18849.21,80000,1319.44
2025-12-24,Hydro,81321.57,120000,4879.29
2025-12-24,Gaz naturel,169797.27,200000,16979.73
2025-12-24,Charbon,80986.44,150000,7288.78
2025-12-24,Nucleaire,185145.09,300000,9257.25
2025-12-25,Solaire,9957.91,50000,796.63
2025-12-25,Eolien,2997.21,80000,209.8
2025-12-25,Hydro,81889.75,120000,4913.38
2025-12-25,Gaz naturel,173229.4,200000,17322.94
2025-12-25,Charbon,105313.3,150000,9478.2
2025-12-25,Nucleaire,,300000,
2025-12-26,Solaire,3884.13,50000,310.73
2025-12-26,Eolien,11622.56,80000,813.58
2025-12-26,Hydro,79497.64,120000,4769.86
2025-12-26,Gaz naturel,133645.7,200000,13364.57
2025-12-26,Charbon,124224.66,150000,11180.22
2025-12-26,Nucleaire,226730.73,300000,11336.54
2025-12-27,Solaire,4664.85,50000,373.19
2025-12-27,Eolien,18870.64,80000,1320.94
2025-12-27,Hydro,89978.66,120000,5398.72
2025-12-27,Gaz naturel,162802.98,200000,16280.3
2025-12-27,Charbon,128708.11,150000,11583.73
2025-12-27,Nucleaire,179547.17,300000,8977.36
2025-12-28,Solaire,6243.0,50000,499.44
2025-12-28,Eolien,6236.35,80000,436.54
2025-12-28,Hydro,81191.76,120000,4871.51
2025-12-28,Gaz naturel,149327.17,200000,14932.72
2025-12-28,Charbon,119810.02,150000,10782.9
2025-12-28,Nucleaire,207721.47,300000,10386.07
2025-12-29,Solaire,8820.8,50000,705.66
2025-12-29,Eolien,18074.77,80000,1265.23
2025-12-29,Hydro,73978.29,120000,4438.7
2025-12-29,Gaz naturel,181790.77,200000,18179.08
2025-12-29,Charbon,80885.08,150000,7279.66
2025-12-29,Nucleaire,215542.22,300000,10777.11
2025-12-30,Solaire,21123.93,50000,1689.91
2025-12-30,Eolien,16857.12,80000,1180.0
2025-12-30,Hydro,81719.53,120000,4903.17
2025-12-30,Gaz naturel,132851.09,200000,13285.11
2025-12-30,Charbon,102294.12,150000,9206.47
2025-12-30,Nucleaire,251185.45,300000,12559.27
2025-12-31,Solaire,0.0,50000,0.0
2025-12-31,Eolien,29680.84,80000,2077.66
2025-12-31,Hydro,66912.51,120000,4014.75
2025-12-31,Gaz naturel,134666.95,200000,13466.7
2025-12-31,Charbon,98561.33,150000,8870.52
2025-12-31,Nucleaire,227656.6,300000,11382.83
2025-02-18,Eolien,11569.32,80000,809.85
2025-10-10,Solaire,15074.31,50000,1205.94
2025-09-23,Solaire,4871.27,50000,389.7
2025-03-05,Nucleaire,194227.35,300000,9711.37
2025-10-31,Solaire,9391.57,50000,751.33
2025-05-11,Eolien,10368.63,80000,725.8
2025-01-17,Solaire,12054.63,50000,964.37
2025-03-12,Hydro,81012.43,120000,4860.75
2025-10-19,Eolien,21009.19,80000,1470.64
2025-07-06,Charbon,121582.89,150000,10942.46
2025-01-19,Eolien,16174.65,80000,1132.23
2025-06-17,Hydro,92378.68,120000,5542.72
2025-12-18,Solaire,5771.74,50000,461.74
2025-11-03,Gaz naturel,135837.66,200000,13583.77
2025-08-12,Hydro,85926.89,120000,5155.61
2025-09-20,Eolien,5404.71,80000,378.33
2025-08-05,Hydro,87208.71,120000,5232.52
2025-03-27,Charbon,96348.43,150000,8671.36
2025-04-01,Gaz naturel,168831.37,200000,16883.14
2025-11-26,Nucleaire,222211.57,300000,11110.58
2025-04-23,Hydro,67109.86,120000,4026.59
2025-05-15,Charbon,123836.34,150000,11145.27
2025-01-05,Nucleaire,201249.19,300000,10062.46
2025-12-29,Nucleaire,215542.22,300000,10777.11
2025-11-03,Nucleaire,153544.53,300000,7677.23
2025-06-20,Gaz naturel,182845.41,200000,18284.54
2025-04-22,Hydro,52188.36,120000,3131.3
2025-09-06,Gaz naturel,191163.99,200000,19116.4
2025-09-09,Gaz naturel,169550.6,200000,16955.06
2025-09-18,Hydro,54909.12,120000,3294.55
2025-01-29,Solaire,9211.71,50000,736.94
2025-05-17,Solaire,22103.74,50000,1768.3
2025-10-28,Charbon,77952.9,150000,7015.76
2025-06-03,Nucleaire,188996.38,300000,9449.82
2025-07-13,Eolien,26132.63,80000,1829.28
2025-04-13,Eolien,7345.89,80000,514.21
2025-01-17,Charbon,,150000,
2025-05-17,Hydro,84987.41,120000,5099.24
2025-06-14,Gaz naturel,157547.25,200000,15754.72
2025-06-06,Eolien,42250.36,80000,2957.53
2025-06-14,Eolien,13129.51,80000,919.07
2025-02-25,Hydro,84909.65,120000,5094.58
2025-07-24,Nucleaire,276315.69,300000,13815.78
2025-11-08,Gaz naturel,131783.71,200000,13178.37
2025-11-15,Nucleaire,225025.33,300000,11251.27
2025-09-15,Eolien,12960.39,80000,907.23
2025-09-06,Hydro,77377.7,120000,4642.66
2025-02-19,Charbon,117192.93,150000,10547.36
2025-11-26,Gaz naturel,158950.53,200000,15895.05
2025-02-18,Hydro,,120000,
2025-07-21,Hydro,67168.74,120000,4030.12
2025-03-26,Charbon,105727.82,150000,9515.5
2025-02-28,Gaz naturel,169507.12,200000,16950.71
2025-09-14,Solaire,13196.4,50000,1055.71
2025-09-02,Hydro,104038.85,120000,6242.33
2025-04-24,Eolien,27481.06,80000,1923.67
2025-02-21,Solaire,17207.74,50000,1376.62
2025-08-31,Charbon,116300.12,150000,10467.01
2025-11-10,Charbon,86484.77,150000,7783.63
2025-03-03,Hydro,,120000,
2025-02-13,Eolien,23306.93,80000,1631.48
2025-01-31,Charbon,101648.06,150000,9148.33
2025-03-10,Solaire,11131.55,50000,890.52
2025-05-15,Hydro,86665.61,120000,5199.94
2025-11-13,Solaire,9141.32,50000,731.31
2025-12-06,Nucleaire,156927.72,300000,7846.39
2025-09-02,Charbon,87061.75,150000,7835.56
2025-08-03,Gaz naturel,150159.83,200000,15015.98
2025-09-21,Solaire,6643.39,50000,531.47
2025-02-06,Hydro,78175.64,120000,4690.54
2025-10-01,Charbon,103805.38,150000,9342.48
2025-06-14,Hydro,102040.78,120000,6122.45
2025-02-23,Gaz naturel,151903.14,200000,15190.31
2025-10-31,Gaz naturel,141537.04,200000,14153.7
2025-12-17,Solaire,12476.15,50000,998.09
2025-02-21,Eolien,11830.8,80000,828.16
2025-01-13,Eolien,29943.01,80000,2096.01
2025-03-22,Solaire,9828.43,50000,786.27
2025-12-28,Eolien,6236.35,80000,436.54
2025-03-28,Gaz naturel,155027.74,200000,15502.77
2025-06-30,Charbon,110729.03,150000,9965.61
2025-11-20,Solaire,16200.38,50000,1296.03
2025-02-02,Charbon,91742.14,150000,8256.79
2025-11-17,Nucleaire,182418.46,300000,9120.92
2025-01-19,Gaz naturel,139469.72,200000,13946.97
2025-09-21,Hydro,86406.83,120000,5184.41
2025-09-09,Hydro,85060.88,120000,5103.65
2025-12-13,Nucleaire,228036.2,300000,11401.81
2025-05-19,Eolien,26804.16,80000,1876.29
2025-12-20,Gaz naturel,155692.09,200000,15569.21
2025-03-10,Eolien,21121.29,80000,1478.49
2025-02-28,Hydro,87730.89,120000,5263.85
2025-12-19,Hydro,92889.89,120000,5573.39
2025-01-12,Charbon,110420.93,150000,9937.88
2025-04-14,Solaire,13025.3,50000,1042.02
2025-08-30,Solaire,14345.99,50000,1147.68
2025-01-23,Hydro,72966.91,120000,4378.01
2025-08-11,Hydro,85784.01,120000,5147.04
2025-08-19,Solaire,26109.78,50000,2088.78
2025-09-07,Nucleaire,227775.81,300000,11388.79
2025-02-28,Nucleaire,205201.84,300000,10260.09
2025-06-08,Solaire,19055.54,50000,1524.44
2025-08-13,Eolien,8035.59,80000,562.49
2025-11-21,Eolien,13695.27,80000,958.67
2025-12-18,Eolien,22162.49,80000,1551.37
2025-04-03,Gaz naturel,131762.46,200000,13176.25
2025-08-30,Gaz naturel,140425.43,200000,14042.54
2025-11-18,Solaire,0.0,50000,0.0
2025-10-11,Gaz naturel,149783.74,200000,14978.37
